date,championship,series_id,map_number,hawk_match_id,team1,team2,team1_heroes,team2_heroes,winner,delta,delta_favored_team,team1_odds,team2_odds
2024-01-07,BetBoom Dacha Dubai CN SEA CQ,53764,2,109144,Azure Ray,Geek Fam,Lina|Faceless Void|Mars|Lion|Chen,Keeper of the Light|Pangolier|Lifestealer|Broodmother|Weaver,Azure Ray,44.18,Azure Ray,1.38,2.90
2024-01-09,BetBoom Dacha Dubai CN SEA CQ,53816,3,109363,Talon Esports,Geek Fam,Pugna|Beastmaster|Morphling|Dragon Knight|Keeper of the Light,Gyrocopter|Naga Siren|Mirana|Troll Warlord|Kunkka,Geek Fam,-35.62,Geek Fam,2.00,1.72
2024-01-10,BetBoom Dacha Dubai CN SEA CQ,53993,3,109563,Azure Ray,Geek Fam,Brewmaster|Zeus|Luna|Dark Willow|Chen,Broodmother|Batrider|Mars|Beastmaster|Keeper of the Light,Geek Fam,49.92,Azure Ray,1.32,3.20
2024-01-11,BetBoom Dacha Dubai MENA CQ,54059,3,109721,Nigma Galaxy,Winter Bear,Magnus|Chen|Hoodwink|Windranger|Juggernaut,Dark Seer|Keeper of the Light|Slark|Tiny|Lich,Winter Bear,43.26,Nigma Galaxy,1.30,3.32
2024-01-13,BetBoom Dacha Dubai MENA CQ,54206,3,109987,PSG Quest,Nigma Galaxy,Earthshaker|Shadow Demon|Primal Beast|Naga Siren|Rubick,Tiny|Doom|Batrider|Vengeful Spirit|Arc Warden,PSG Quest,31.99,PSG Quest,1.33,3.15
2024-01-14,BetBoom Dacha Dubai WEU CQ,54263,2,110090,OG,Tundra Esports,Hoodwink|Mars|Slark|Ember Spirit|Io,Phoenix|Muerta|Ursa|Dark Seer|Rubick,OG,30.77,OG,1.72,2.05
2024-01-14,BetBoom Dacha Dubai MENA CQ,54262,3,110082,Team Falcons,PSG Quest,Slardar|Snapfire|Chen|Rubick|Ursa,Keeper of the Light|Magnus|Tiny|Lina|Treant Protector,PSG Quest,53.82,Team Falcons,1.38,2.80
2024-01-15,DreamLeague S22 WEU CQ,54266,2,110180,OG,KZ TEAM,Alchemist|Magnus|Void Spirit|Chen|Shadow Shaman,Terrorblade|Vengeful Spirit|Centaur Warrunner|Keeper of the Light|Earthshaker,KZ TEAM,36.66,OG,1.11,5.91
2024-01-16,DreamLeague S22 SA CQ,54337,3,110327,Thunder Awaken,BOOM Esports,Chen|Techies|Pangolier|Terrorblade|Mars,Phoenix|Ember Spirit|Alchemist|Vengeful Spirit|Dark Seer,BOOM Esports,-33.33,BOOM Esports,2.00,1.75
2024-01-16,DreamLeague S22 SEA CQ,54341,1,110261,Blacklist International,Bleed Esports,Pangolier|Lion|Naga Siren|Slardar|Vengeful Spirit,Ember Spirit|Batrider|Lifestealer|Keeper of the Light|Pudge,Bleed Esports,34.56,Blacklist International,1.30,3.30
2024-01-17,DreamLeague S22 SA CQ,54409,3,110452,BOOM Esports,Heroic,Chen|Techies|Storm Spirit|Doom|Lifestealer,Medusa|Centaur Warrunner|Grimstroke|Vengeful Spirit|Keeper of the Light,Heroic,38.63,BOOM Esports,1.78,2.00
2024-01-23,Blizzard Brawl New Year Decider,54650,1,110911,Polaris Esports,Mars International,Enchantress|Lycan|Weaver|Grimstroke|Magnus,Faceless Void|Vengeful Spirit|Tusk|Templar Assassin|Viper,Polaris Esports,31.32,Polaris Esports,1.68,2.11
2024-01-26,ESL One Birmingham 2024 EEU CQ,54908,2,111420,Virtus.pro,Chimera Esports,Crystal Maiden|Timbersaw|Huskar|Techies|Alchemist,Centaur Warrunner|Winter Wyvern|Morphling|Vengeful Spirit|Ember Spirit,Virtus.pro,34.13,Virtus.pro,1.33,3.14
2024-01-26,ESL One Birmingham 2024 SEA CQ,54938,1,111403,Execration,Aurora,Lion|Marci|Timbersaw|Lina|Puck,Templar Assassin|Pugna|Faceless Void|Rubick|Magnus,Aurora,-36.61,Aurora,3.25,1.31
2024-01-26,ESL One Birmingham 2024 EEU CQ,54905,2,111397,Team Spirit,Yellow Submarine,Pudge|Grimstroke|Void Spirit|Bane|Phantom Lancer,Rubick|Mars|Slark|Ember Spirit|Batrider,Yellow Submarine,32.21,Team Spirit,1.10,6.25
2024-01-26,ESL One Birmingham 2024 SEA CQ,54890,2,111387,Execration,Bleed Esports,Pangolier|Naga Siren|Hoodwink|Windranger|Clockwerk,Winter Wyvern|Spectre|Queen of Pain|Bounty Hunter|Centaur Warrunner,Bleed Esports,-33.05,Bleed Esports,2.89,1.38
2024-01-29,ESL One Birmingham 2024 SA CQ,55101,1,111831,Heroic,BOOM Esports,Gyrocopter|Hoodwink|Bloodseeker|Enigma|Dragon Knight,Undying|Doom|Sven|Pangolier|Grimstroke,Heroic,38.04,Heroic,1.75,2.01
2024-01-29,European Pro League S16,55097,3,111864,SIBE Team,NextUp,Techies|Shadow Demon|Void Spirit|Centaur Warrunner|Phantom Lancer,Batrider|Mars|Dark Willow|Morphling|Dragon Knight,NextUp,35.22,SIBE Team,1.61,2.13
2024-01-29,ESL One Birmingham 2024 WEU CQ,55087,1,111783,OG,Tundra Esports,Centaur Warrunner|Grimstroke|Primal Beast|Windranger|Faceless Void,Muerta|Sven|Magnus|Pangolier|Techies,OG,30.09,OG,1.64,2.20
2024-02-01,European Pro League S16,55228,1,112141,KZ TEAM,SIBE Team,Medusa|Chen|Queen of Pain|Hoodwink|Slardar,Templar Assassin|Tiny|Troll Warlord|Vengeful Spirit|Snapfire,KZ TEAM,37.09,KZ TEAM,1.33,3.01
2024-02-02,European Pro League S16,55292,1,112276,Team Klee,Ninja Penguins,Morphling|Puck|Vengeful Spirit|Timbersaw|Techies,Primal Beast|Weaver|Nature's Prophet|Hoodwink|Pangolier,Team Klee,33.68,Team Klee,1.77,1.98
2024-02-04,BetBoom Dacha Dubai 2024,55340,1,112462,Gaimin Gladiators,Team Liquid,Broodmother|Death Prophet|Vengeful Spirit|Hoodwink|Alchemist,Brewmaster|Pugna|Pangolier|Templar Assassin|Lion,Gaimin Gladiators,32.30,Gaimin Gladiators,1.70,2.15
2024-02-05,New Year Cup,55407,2,112568,Polaris Esports,Ardour,Viper|Tiny|Meepo|Jakiro|Sniper,Elder Titan|Sand King|Vengeful Spirit|Lina|Keeper of the Light,Ardour,-40.56,Ardour,3.15,1.33
2024-02-06,RES Regional Series: SEA #1,55451,2,112715,MAG.Nirvana,Batam Pride,Dragon Knight|Faceless Void|Zeus|Enchantress|Pudge,Hoodwink|Crystal Maiden|Meepo|Arc Warden|Centaur Warrunner,Batam Pride,-33.00,Batam Pride,2.88,1.34
2024-02-08,BetBoom Dacha Dubai 2024,55534,2,112943,Team Spirit,OG,Pudge|Kunkka|Shadow Demon|Vengeful Spirit|Naga Siren,Brewmaster|Techies|Dragon Knight|Windranger|Slark,Team Spirit,33.48,Team Spirit,1.30,3.40
2024-02-12,EPL World AM S9,55738,1,113326,Infinity,Lava Esports,Naga Siren|Grimstroke|Pangolier|Winter Wyvern|Centaur Warrunner,Dragon Knight|Visage|Bloodseeker|Enigma|Tusk,Lava Esports,34.40,Infinity,1.27,3.54
2024-02-16,NADCL S6 D1,55959,2,113856,Sporkface Killaz,The Honored Vanguard Veterans,Naga Siren|Hoodwink|Dark Seer|Ancient Apparition|Primal Beast,Bane|Grimstroke|Dragon Knight|Chen|Alchemist,Sporkface Killaz,74.30,Sporkface Killaz,1.53,2.40
2024-02-16,EPL World AM S9,55920,2,113851,Invaders,Universitario Esports,Mars|Templar Assassin|Lion|Viper|Medusa,Dragon Knight|Nature's Prophet|Queen of Pain|Morphling|Skywrath Mage,Invaders,30.33,Invaders,1.34,2.86
2024-02-19,Games of the Future 2024,56013,1,113966,Geek Fam,BOOM Esports,Zeus|Hoodwink|Doom|Naga Siren|Mirana,Medusa|Crystal Maiden|Lion|Alchemist|Mars,Geek Fam,-38.66,BOOM Esports,2.14,1.69
2024-02-25,United Series 1,56345,2,114783,Kaiser,Hokori,Mirana|Pangolier|Naga Siren|Doom|Dark Seer,Treant Protector|Dragon Knight|Beastmaster|Hoodwink|Medusa,Hokori,55.58,Kaiser,1.72,2.05
2024-02-25,DreamLeague S 22,56270,2,114742,Tundra Esports,Xtreme Gaming,Batrider|Elder Titan|Templar Assassin|Primal Beast|Night Stalker,Oracle|Centaur Warrunner|Faceless Void|Crystal Maiden|Viper,Xtreme Gaming,-37.14,Xtreme Gaming,2.44,1.52
2024-02-25,DreamLeague S 22,56264,2,114704,1win Team,Team Liquid,Tiny|Windranger|Tusk|Lion|Timbersaw,Brewmaster|Rubick|Puck|Muerta|Luna,Team Liquid,-30.95,Team Liquid,3.75,1.25
2024-02-26,DreamLeague S 22,56327,1,114724,1win Team,Team Secret,Medusa|Pangolier|Tiny|Death Prophet|Chen,Mirana|Hoodwink|Naga Siren|Timbersaw|Anti-Mage,Team Secret,-37.62,Team Secret,2.25,1.65
2024-02-27,DreamLeague S 22,56359,1,114771,Team Liquid,Tundra Esports,Doom|Puck|Rubick|Shadow Demon|Weaver,Tiny|Batrider|Brewmaster|Elder Titan|Luna,Tundra Esports,49.20,Team Liquid,1.55,2.35
2024-02-27,DreamLeague S 22,56358,2,114997,Virtus.pro,Team Falcons,Pugna|Naga Siren|Huskar|Mirana|Doom,Lion|Medusa|Crystal Maiden|Mars|Earthshaker,Team Falcons,-40.19,Team Falcons,2.90,1.38
2024-02-28,European Pro League S17 div 2,56470,2,115082,Passion UA,HAVU Gaming,Kunkka|Medusa|Techies|Batrider|Earthshaker,Doom|Snapfire|Mirana|Shadow Demon|Naga Siren,Passion UA,33.44,Passion UA,1.35,3.06
2024-03-01,RES - Regional Series LATAM 1,56563,2,115310,AcatSuki,South Team,Tiny|Lone Druid|Windranger|Chen|Gyrocopter,Brewmaster|Ember Spirit|Timbersaw|Lion|Grimstroke,South Team,52.35,AcatSuki,1.41,2.77
2024-03-01,European Pro League S17 div 2,56545,2,115298,Passion UA,Nightshade Esports,Kunkka|Sven|Enchantress|Puck|Crystal Maiden,Dark Seer|Meepo|Tiny|Venomancer|Bounty Hunter,Nightshade Esports,48.34,Passion UA,1.58,2.28
2024-03-01,DreamLeague S 22,56523,2,115292,BetBoom Team,OG,Storm Spirit|Slardar|Chen|Meepo|Shadow Demon,Terrorblade|Keeper of the Light|Hoodwink|Dragon Knight|Ember Spirit,BetBoom Team,46.27,BetBoom Team,1.55,2.40
2024-03-04,DreamLeague S 22,56615,1,115429,Xtreme Gaming,Aurora,Primal Beast|Mirana|Lifestealer|Anti-Mage|Phoenix,Medusa|Razor|Crystal Maiden|Kunkka|Batrider,Xtreme Gaming,37.71,Xtreme Gaming,1.51,2.45
2024-03-06,DreamLeague S 22,56680,1,115571,Shopify Rebellion,Xtreme Gaming,Lion|Arc Warden|Templar Assassin|Phoenix|Mars,Shadow Demon|Doom|Void Spirit|Lifestealer|Terrorblade,Xtreme Gaming,-32.53,Xtreme Gaming,2.29,1.58
2024-03-06,DreamLeague S 22,56680,2,115824,Shopify Rebellion,Xtreme Gaming,Mirana|Centaur Warrunner|Death Prophet|Rubick|Sven,Techies|Dragon Knight|Templar Assassin|Ursa|Grimstroke,Shopify Rebellion,-32.27,Xtreme Gaming,2.40,1.55
2024-03-11,Elite League WEU CQ,57042,2,116375,Nightshade Esports,rest farmers,Lone Druid|Timbersaw|Undying|Puck|Nature's Prophet,Lion|Faceless Void|Pugna|Viper|Riki,rest farmers,-32.02,rest farmers,3.35,1.30
2024-03-11,Elite League CN CQ,57013,1,116296,Team Bright,Eagle,Mirana|Gyrocopter|Storm Spirit|Mars|Crystal Maiden,Razor|Naga Siren|Dragon Knight|Shadow Demon|Techies,Eagle,31.07,Team Bright,1.50,2.40
2024-03-12,Elite League WEU CQ,57090,2,116504,Ninja Penguins,MOUZ,Pangolier|Timbersaw|Elder Titan|Shadow Shaman|Arc Warden,Gyrocopter|Puck|Terrorblade|Shadow Demon|Omniknight,MOUZ,-47.06,MOUZ,2.94,1.37
2024-03-14,Elite League EEU CQ,57201,2,116784,L1ga Team,Nemiga Gaming,Skywrath Mage|Doom|Primal Beast|Enchantress|Alchemist,Phantom Assassin|Tiny|Techies|Keeper of the Light|Pugna,L1ga Team,30.16,L1ga Team,1.32,3.10
2024-03-15,Elite League EEU CQ,57285,1,116920,Night Pulse,L1ga Team,Tiny|Gyrocopter|Techies|Magnus|Naga Siren,Rubick|Juggernaut|Mars|Crystal Maiden|Templar Assassin,Night Pulse,-33.23,L1ga Team,2.80,1.38
2024-03-21,DreamLeague S23 NA CQ,57692,2,117677,SoSteam,Fart Studios,Leshrac|Lifestealer|Tiny|Razor|Chen,Mirana|Crystal Maiden|Mars|Queen of Pain|Faceless Void,Fart Studios,-36.56,Fart Studios,3.46,1.28
2024-03-24,DreamLeague S23 SA CQ,58043,3,118392,Heroic,Estar backs,Huskar|Shadow Demon|Primal Beast|Weaver|Clockwerk,Pangolier|Luna|Magnus|Grimstroke|Batrider,Estar backs,33.21,Heroic,1.46,2.60
2024-03-28,RES Regional EU #1,58235,2,118914,Yellow Submarine,NextUp,Leshrac|Techies|Mars|Tiny|Phantom Lancer,Tusk|Razor|Batrider|Terrorblade|Pangolier,Yellow Submarine,32.47,Yellow Submarine,1.28,3.46
2024-03-29,WINLINE InSight Season 5,58275,2,119046,Night Pulse,PARTIZAN,Chen|Sniper|Luna|Snapfire|Mars,Techies|Tidehunter|Tusk|Templar Assassin|Leshrac,Night Pulse,31.15,Night Pulse,1.10,6.21
2024-03-31,Elite League,58284,2,119176,Heroic,Tundra Esports,Kunkka|Enchantress|Gyrocopter|Lifestealer|Elder Titan,Chen|Slardar|Rubick|Omniknight|Meepo,Heroic,-32.43,Tundra Esports,2.80,1.42
2024-04-04,Elite League,58503,2,119602,Team Secret,Aurora,Earthshaker|Gyrocopter|Jakiro|Razor|Puck,Naga Siren|Shadow Demon|Tusk|Enigma|Timbersaw,Aurora,38.17,Team Secret,1.84,1.90
2024-04-04,RES Regional Series: SEA #2,58494,1,119540,Neon Esports,Team Tough,Crystal Maiden|Dragon Knight|Phoenix|Omniknight|Lifestealer,Batrider|Tusk|Bloodseeker|Windranger|Kunkka,Team Tough,41.29,Neon Esports,1.36,3.04
2024-04-05,Elite League,58551,2,119726,Team Falcons,PSG Quest,Crystal Maiden|Disruptor|Underlord|Wraith King|Primal Beast,Doom|Enchantress|Medusa|Tiny|Batrider,Team Falcons,33.56,Team Falcons,1.25,3.70
2024-04-05,Elite League,58548,1,119627,Blacklist International,Aurora,Lifestealer|Beastmaster|Chen|Mirana|Primal Beast,Crystal Maiden|Death Prophet|Batrider|Enigma|Naga Siren,Aurora,-37.26,Aurora,1.94,1.80
2024-04-05,Elite League,58548,2,119705,Blacklist International,Aurora,Bane|Luna|Snapfire|Pangolier|Dragon Knight,Elder Titan|Terrorblade|Leshrac|Enigma|Batrider,Aurora,-38.25,Aurora,1.95,1.80
2024-04-06,RES Regional Series: SEA #2,58653,1,119817,The Immortal,Team Tough,Pangolier|Terrorblade|Windranger|Techies|Disruptor,Rubick|Puck|Bloodseeker|Bane|Kunkka,Team Tough,-35.57,Team Tough,3.20,1.26
2024-04-07,Elite League,58601,1,119744,Xtreme Gaming,Tundra Esports,Shadow Demon|Centaur Warrunner|Elder Titan|Zeus|Luna,Sniper|Drow Ranger|Disruptor|Batrider|Brewmaster,Xtreme Gaming,33.51,Xtreme Gaming,1.78,1.97
2024-04-09,Elite League,58708,2,120117,Azure Ray,Entity,Dark Seer|Kunkka|Tiny|Crystal Maiden|Gyrocopter,Centaur Warrunner|Luna|Ember Spirit|Elder Titan|Batrider,Azure Ray,34.47,Azure Ray,1.80,2.02
2024-04-10,RES Regional Series: SEA #2,58797,2,120226,IHC,Execration,Batrider|Chen|Morphling|Templar Assassin|Pangolier,Hoodwink|Clockwerk|Slark|Omniknight|Primal Beast,IHC,-42.69,Execration,2.10,1.60
2024-04-14,European Pro League S17,58996,1,120609,ASAKURA,Yellow Submarine,Tiny|Razor|Brewmaster|Jakiro|Monkey King,Crystal Maiden|Centaur Warrunner|Shadow Demon|Leshrac|Weaver,ASAKURA,-41.52,Yellow Submarine,3.53,1.28
2024-04-14,European Pro League S17,58996,2,120620,ASAKURA,Yellow Submarine,Dark Seer|Marci|Batrider|Io|Puck,Techies|Enigma|Dark Willow|Kunkka|Luna,Yellow Submarine,-37.91,Yellow Submarine,3.66,1.22
2024-04-16,RES Regional Series: SEA #2,59046,3,120784,Team Tough,MAG.Garuda,Brewmaster|Lifestealer|Gyrocopter|Ember Spirit|Hoodwink,Primal Beast|Elder Titan|Templar Assassin|Techies|Mars,Team Tough,36.31,Team Tough,1.47,2.58
2024-04-17,European Pro League S17,59082,1,120812,L1ga Team,rest farmers,Dark Willow|Chen|Primal Beast|Doom|Luna,Weaver|Dazzle|Pangolier|Vengeful Spirit|Tusk,rest farmers,36.22,L1ga Team,1.56,2.33
2024-04-17,Kobolds Rave 2,59079,1,120832,KEV,Team Zero,Tusk|Razor|Bloodseeker|Lifestealer|Grimstroke,Weaver|Disruptor|Centaur Warrunner|Timbersaw|Dark Willow,KEV,-34.26,Team Zero,2.01,1.75
2024-04-21,European Pro League S17,59250,1,121200,NAVI Junior,MOUZ,Medusa|Batrider|Pangolier|Keeper of the Light|Gyrocopter,Alchemist|Tiny|Centaur Warrunner|Shadow Demon|Leshrac,NAVI Junior,-34.08,MOUZ,2.04,1.72
2024-04-22,Kobolds Rave 2,59269,3,121293,Neon Esports,Team Zero,Shadow Demon|Mars|Crystal Maiden|Slardar|Alchemist,Kunkka|Zeus|Clinkz|Elder Titan|Batrider,Team Zero,34.56,Neon Esports,1.85,1.90
2024-04-23,ESL One Birmingham 2024,59332,2,121491,Team Spirit,Tundra Esports,Mars|Dark Willow|Storm Spirit|Enchantress|Anti-Mage,Tiny|Elder Titan|Rubick|Brewmaster|Morphling,Team Spirit,44.99,Team Spirit,1.85,1.96
2024-04-23,ESL One Birmingham 2024,59331,2,121492,Heroic,OG,Timbersaw|Pangolier|Bane|Grimstroke|Lifestealer,Rubick|Magnus|Chaos Knight|Razor|Chen,OG,-58.00,OG,2.26,1.64
2024-04-24,RES Regional LATAM #2,59428,1,121622,Midas Club,Lava Esports,Enchantress|Gyrocopter|Luna|Pangolier|Slardar,Grimstroke|Faceless Void|Snapfire|Tiny|Dark Seer,Midas Club,38.07,Midas Club,1.55,2.35
2024-04-24,ESL One Birmingham 2024,59445,1,121609,Xtreme Gaming,Team Spirit,Juggernaut|Grimstroke|Templar Assassin|Dark Willow|Primal Beast,Pangolier|Luna|Zeus|Snapfire|Elder Titan,Xtreme Gaming,33.01,Xtreme Gaming,1.65,2.16
2024-04-25,RES Regional LATAM #2,59471,1,121724,Lava Esports,BOOM Esports,Elder Titan|Centaur Warrunner|Batrider|Dragon Knight|Luna,Tiny|Dark Seer|Windranger|Kunkka|Oracle,BOOM Esports,-46.35,BOOM Esports,5.17,1.14
2024-04-27,RES Regional LATAM #2,59567,1,121920,Lava Esports,Estar backs,Elder Titan|Huskar|Grimstroke|Doom|Luna,Vengeful Spirit|Clockwerk|Kunkka|Dark Seer|Shadow Fiend,Estar backs,-33.40,Estar backs,3.25,1.32
2024-04-28,EPL World AM S10,59613,3,122021,Leviatán,Beastcoast,Razor|Leshrac|Batrider|Chaos Knight|Elder Titan,Crystal Maiden|Weaver|Primal Beast|Centaur Warrunner|Shadow Demon,Beastcoast,-52.06,Beastcoast,2.45,1.51
2024-04-28,EPL World AM S10,59607,1,121984,Infinity,Beastcoast,Bane|Brewmaster|Dragon Knight|Weaver|Luna,Hoodwink|Doom|Enchantress|Slark|Dark Seer,Beastcoast,-76.20,Beastcoast,2.20,1.64
2024-04-28,BetBoom Streamers Battle season 6,59592,4,121999,Travoman Team,Cooman Team,Omniknight|Earthshaker|Dark Seer|Monkey King|Dazzle,Earth Spirit|Jakiro|Bloodseeker|Bane|Lion,Travoman Team,32.56,Travoman Team,1.70,2.03
2024-04-28,ESL One Birmingham 2024,59595,2,121980,Tundra Esports,Team Falcons,Medusa|Clinkz|Hoodwink|Kunkka|Elder Titan,Enchantress|Sven|Doom|Anti-Mage|Windranger,Team Falcons,-34.89,Team Falcons,2.50,1.53
2024-04-30,Kobolds Rave 2,59633,2,122150,Yangon Galacticos,Team Bright,Ember Spirit|Centaur Warrunner|Mirana|Hoodwink|Naga Siren,Gyrocopter|Primal Beast|Phoenix|Necrophos|Lion,Yangon Galacticos,-36.11,Team Bright,2.00,1.65
2024-05-02,Minotaur League,59705,3,122347,Team Freedom,Salvation Gaming,Clinkz|Vengeful Spirit|Keeper of the Light|Bounty Hunter|Legion Commander,Storm Spirit|Timbersaw|Pugna|Disruptor|Naga Siren,Salvation Gaming,-32.94,Salvation Gaming,3.10,1.32
2024-05-03,European Pro League S18,59774,2,122465,One Move,NAVI Junior,Techies|Venomancer|Pangolier|Timbersaw|Monkey King,Pudge|Keeper of the Light|Lich|Batrider|Bloodseeker,NAVI Junior,-33.30,NAVI Junior,4.38,1.19
2024-05-03,Minotaur League,59771,3,122447,Team Freedom,Team Trust,Grimstroke|Troll Warlord|Death Prophet|Rubick|Brewmaster,Leshrac|Chen|Nature's Prophet|Luna|Beastmaster,Team Trust,-57.36,Team Trust,4.00,1.20
2024-05-05,European Pro League S18,59850,1,122577,SIBE Team,B8,Luna|Gyrocopter|Tiny|Kunkka|Underlord,Batrider|Io|Magnus|Dark Seer|Chaos Knight,SIBE Team,32.86,SIBE Team,1.53,2.40
2024-05-07,Kobolds Rave 2,59920,1,122773,Team Zero,IHC Esports,Viper|Chen|Weaver|Tiny|Timbersaw,Keeper of the Light|Gyrocopter|Crystal Maiden|Tusk|Pangolier,IHC Esports,33.47,Team Zero,1.28,3.18
2024-05-08,RES Regional EU #2,59931,2,122934,B8,Dandelions,Dragon Knight|Gyrocopter|Doom|Shadow Demon|Windranger,Meepo|Viper|Timbersaw|Crystal Maiden|Tiny,Dandelions,-33.67,Dandelions,2.15,1.62
2024-05-11,PGL Wallachia S1,60105,2,123235,G2 x iG,Team Secret,Doom|Dark Willow|Enchantress|Weaver|Faceless Void,Centaur Warrunner|Medusa|Keeper of the Light|Treant Protector|Batrider,Team Secret,37.22,G2 x iG,1.42,2.88
2024-05-14,RES Regional EU #2,60217,1,123543,Nemiga Gaming,rest farmers,Keeper of the Light|Mars|Gyrocopter|Bane|Luna,Chaos Knight|Venomancer|Clockwerk|Zeus|Doom,rest farmers,-37.03,rest farmers,2.00,1.72
2024-05-15,PGL Wallachia S1,60247,1,123531,BOOM Esports,Shopify Rebellion,Bane|Morphling|Hoodwink|Mars|Tiny,Shadow Demon|Centaur Warrunner|Naga Siren|Templar Assassin|Disruptor,Shopify Rebellion,-31.87,Shopify Rebellion,2.05,1.75
2024-05-16,RES Regional EU #2,60291,1,123754,Night Pulse,Monte,Sniper|Hoodwink|Naga Siren|Morphling|Centaur Warrunner,Razor|Venomancer|Chaos Knight|Enigma|Tiny,Night Pulse,31.79,Night Pulse,1.55,2.35
2024-05-18,EPL World AM S11,60392,1,123958,South Team,Cuyes Esports,Templar Assassin|Keeper of the Light|Slardar|Hoodwink|Grimstroke,Terrorblade|Doom|Crystal Maiden|Shadow Demon|Pangolier,Cuyes Esports,-34.94,Cuyes Esports,3.54,1.27
2024-05-19,EPL World AM S11,60454,2,124060,South Team,Estar backs,Clockwerk|Brewmaster|Zeus|Razor|Clinkz,Hoodwink|Shadow Fiend|Lifestealer|Chen|Centaur Warrunner,South Team,-34.32,Estar backs,2.54,1.43
2024-05-19,EPL World AM S11,60453,1,124047,Midas Club,NoPing Esports,Marci|Slardar|Chen|Clinkz|Zeus,Nature's Prophet|Doom|Tusk|Keeper of the Light|Grimstroke,Midas Club,73.99,Midas Club,1.53,2.29
2024-05-19,EPL World AM S11,60452,1,124037,Fantasy Gaming,Qhali,Gyrocopter|Lina|Marci|Slardar|Rubick,Centaur Warrunner|Troll Warlord|Bane|Techies|Razor,Qhali,-35.55,Qhali,2.02,1.74
2024-05-19,PGL Wallachia S1,60465,1,124026,Xtreme Gaming,Team Spirit,Lifestealer|Razor|Riki|Bane|Dark Seer,Grimstroke|Lina|Io|Mars|Terrorblade,Xtreme Gaming,33.10,Xtreme Gaming,1.62,2.30
2024-05-20,EPL World AM S11,60481,3,124169,Estar backs,Infinity,Pugna|Weaver|Brewmaster|Magnus|Luna,Slardar|Anti-Mage|Dark Willow|Dark Seer|Oracle,Infinity,-33.78,Infinity,2.03,1.73
2024-05-20,DreamLeague S23,60421,1,123964,Gaimin Gladiators,PSG Quest,Sniper|Batrider|Clinkz|Dark Seer|Treant Protector,Doom|Elder Titan|Hoodwink|Dragon Knight|Luna,Gaimin Gladiators,45.61,Gaimin Gladiators,1.62,2.30
2024-05-21,EPL World AM S11,60542,2,124265,x5 Gaming,Fantasy Gaming,Pangolier|Razor|Grimstroke|Muerta|Tusk,Storm Spirit|Hoodwink|Doom|Morphling|Gyrocopter,Fantasy Gaming,-35.44,Fantasy Gaming,2.41,1.48
2024-05-21,RES Regional EU #2,60512,3,124249,Yellow Submarine,Dandelions,Magnus|Clockwerk|Pangolier|Dark Willow|Faceless Void,Io|Keeper of the Light|Razor|Slardar|Timbersaw,Dandelions,33.58,Yellow Submarine,1.65,2.10
2024-05-27,FISSURE Universe Ep.2,60781,2,124921,Tundra Esports,Entity,Primal Beast|Juggernaut|Techies|Phoenix|Dragon Knight,Weaver|Naga Siren|Dark Willow|Razor|Axe,Entity,34.04,Tundra Esports,1.61,2.17
2024-05-27,FISSURE Universe Ep.2,60783,2,124899,OG,Team Secret,Gyrocopter|Magnus|Batrider|Dark Willow|Treant Protector,Templar Assassin|Timbersaw|Rubick|Tiny|Vengeful Spirit,Team Secret,30.01,OG,1.37,2.94
2024-05-28,FISSURE Universe Ep.2,60836,1,124944,Team Secret,MOUZ,Ursa|Centaur Warrunner|Snapfire|Storm Spirit|Phoenix,Dark Seer|Rubick|Leshrac|Oracle|Sven,Team Secret,33.11,Team Secret,1.75,1.96
2024-06-03,Riyadh Masters SA CQ,61300,1,125920,Cuyes Esports,Leviatán,Disruptor|Templar Assassin|Zeus|Tusk|Slardar,Bane|Dark Seer|Io|Chaos Knight|Leshrac,Cuyes Esports,-46.75,Leviatán,1.88,1.85
2024-06-04,Riyadh Masters MENA CQ,61379,4,126093,PSG Quest,Nigma Galaxy,Shadow Shaman|Pugna|Storm Spirit|Juggernaut|Slardar,Timbersaw|Sven|Disruptor|Dark Willow|Dark Seer,PSG Quest,33.57,PSG Quest,1.47,2.58
2024-06-08,RES Series SEA #3,61712,1,126921,MAG.Garuda,Execration,Weaver|Storm Spirit|Rubick|Terrorblade|Beastmaster,Silencer|Void Spirit|Dark Willow|Axe|Troll Warlord,Execration,-35.33,Execration,2.31,1.56
2024-06-09,EPL World AM S11,61910,1,127048,Infinity,Qhali,Leshrac|Oracle|Legion Commander|Dark Willow|Slark,Nyx Assassin|Silencer|Dragon Knight|Brewmaster|Morphling,Infinity,31.43,Infinity,1.24,3.84
2024-06-10,The International 2024: CN CQ,61925,2,127079,Spiky Gaming,Underdog Mentality,Meepo|Winter Wyvern|Dark Willow|Razor|Slardar,Vengeful Spirit|Arc Warden|Enchantress|Shadow Demon|Dragon Knight,Spiky Gaming,34.23,Spiky Gaming,1.18,4.45
2024-06-11,RES Series SEA #3,61988,1,127210,Neon Esports,Outcast,Storm Spirit|Sven|Centaur Warrunner|Disruptor|Winter Wyvern,Dark Seer|Batrider|Chaos Knight|Viper|Tiny,Outcast,31.52,Neon Esports,1.44,2.74
2024-06-12,Leon Masters #1,62031,2,127392,L1ga Team,Kalmychata,Pudge|Mars|Gyrocopter|Phoenix|Io,Templar Assassin|Brewmaster|Chen|Muerta|Ursa,L1ga Team,36.75,L1ga Team,1.28,3.43
2024-06-13,EPL World AM S11,62141,1,127569,Infinity,Estar backs,Disruptor|Doom|Ember Spirit|Gyrocopter|Dark Willow,Keeper of the Light|Dark Seer|Spirit Breaker|Vengeful Spirit|Weaver,Infinity,40.42,Infinity,1.82,1.92
2024-06-13,Leon Masters #1,62097,2,127558,MOUZ,Kalmychata,Clinkz|Clockwerk|Dark Seer|Warlock|Meepo,Tiny|Oracle|Beastmaster|Gyrocopter|Keeper of the Light,MOUZ,47.41,MOUZ,1.30,3.20
2024-06-13,RES Series SEA #3,62094,2,127539,Salvation Gaming,Bleed Esports,Shadow Demon|Dark Willow|Pudge|Templar Assassin|Slardar,Spirit Breaker|Crystal Maiden|Dark Seer|Leshrac|Chaos Knight,Bleed Esports,-34.50,Bleed Esports,3.53,1.27
2024-06-13,Leon Masters #1,62095,1,127479,L1ga Team,JustBetter,Crystal Maiden|Gyrocopter|Razor|Tiny|Dark Seer,Shadow Demon|Templar Assassin|Enchantress|Troll Warlord|Brewmaster,L1ga Team,51.85,L1ga Team,1.38,2.91
2024-06-15,The International 2024: EEU CQ,62181,1,127712,L1ga Team,SIBE Team,Dark Seer|Chaos Knight|Pudge|Windranger|Warlock,Dark Willow|Spectre|Death Prophet|Elder Titan|Beastmaster,L1ga Team,45.01,L1ga Team,1.41,2.75
2024-06-16,European Pro League Season 19: D2,62234,1,127804,Team Bars,Tony's 5 Friends,Io|Enigma|Storm Spirit|Marci|Tiny,Treant Protector|Ember Spirit|Troll Warlord|Centaur Warrunner|Grimstroke,Tony's 5 Friends,-38.29,Tony's 5 Friends,2.62,1.41
2024-06-17,The International 2024: SA CQ,62281,2,127980,Midas Club,Cuyes Esports,Zeus|Tusk|Weaver|Lone Druid|Terrorblade,Crystal Maiden|Dragon Knight|Underlord|Dark Willow|Faceless Void,Cuyes Esports,-38.14,Cuyes Esports,2.70,1.42
2024-06-18,RES Series SEA #3,62312,1,128023,Neon Esports,Execration,Ancient Apparition|Naga Siren|Batrider|Centaur Warrunner|Shadow Fiend,Shadow Demon|Pangolier|Tiny|Beastmaster|Elder Titan,Execration,46.92,Neon Esports,1.53,2.39
2024-06-19,The International 2024: SEA CQ,62331,1,128025,Blacklist International,Execration,Terrorblade|Weaver|Earth Spirit|Centaur Warrunner|Dark Willow,Pangolier|Crystal Maiden|Razor|Monkey King|Lycan,Execration,40.79,Blacklist International,1.29,3.39
2024-06-20,The International 2024: WEU CQ,62404,3,128293,MOUZ,Dandelions,Dark Willow|Venomancer|Ember Spirit|Dark Seer|Gyrocopter,Pudge|Grimstroke|Warlock|Brewmaster|Tiny,Dandelions,58.49,MOUZ,1.41,2.76
2024-06-20,European Pro League Season 19: D2,62417,2,128272,Monte,LvLUP MarsBahis,Ember Spirit|Gyrocopter|Dark Willow|Dark Seer|Crystal Maiden,Pugna|Dragon Knight|Brewmaster|Phoenix|Tiny,Monte,35.65,Monte,1.17,4.14
2024-06-20,The International 2024: SEA CQ,62391,1,128221,Neon Esports,IHC Esports,Rubick|Gyrocopter|Dark Seer|Disruptor|Ember Spirit,Tusk|Weaver|Tiny|Brewmaster|Slardar,IHC Esports,45.74,Neon Esports,1.38,2.80
2024-06-21,Leon Masters #1,62465,1,128420,SIBE Team,Night Pulse,Lina|Elder Titan|Terrorblade|Pudge|Dark Seer,Dark Willow|Timbersaw|Ursa|Night Stalker|Oracle,Night Pulse,-30.67,Night Pulse,2.60,1.45
2024-06-21,The International 2024: SEA CQ,62429,3,128371,Execration,Talon Esports,Pudge|Lycan|Dragon Knight|Enchantress|Weaver,Storm Spirit|Dark Willow|Mars|Chaos Knight|Witch Doctor,Talon Esports,-34.42,Talon Esports,3.00,1.35
2024-06-23,The International 2024: WEU CQ,62563,1,128569,Tundra Esports,PSG Quest,Sniper|Clockwerk|Rubick|Chaos Knight|Dark Seer,Elder Titan|Dark Willow|Brewmaster|Weaver|Dragon Knight,Tundra Esports,56.53,Tundra Esports,1.55,2.35
2024-06-23,The International 2024: SEA CQ,62523,1,128502,Execration,TNC Predator,Elder Titan|Phoenix|Faceless Void|Pangolier|Brewmaster,Tiny|Crystal Maiden|Dark Seer|Storm Spirit|Lifestealer,TNC Predator,-51.78,TNC Predator,2.37,1.54
2024-06-24,Elite League S2 NA  CQ,62575,2,128709,team monkeys-,Team giga cringe,Clockwerk|Gyrocopter|Dark Seer|Tiny|Tinker,Beastmaster|Weaver|Timbersaw|Tusk|Troll Warlord,team monkeys-,30.48,team monkeys-,1.15,4.99
2024-06-24,Elite League S2 SEA CQ,62436,1,128614,Bleed Esports,IHC Esports,Oracle|Spirit Breaker|Storm Spirit|Chaos Knight|Dark Seer,Batrider|Morphling|Earth Spirit|Brewmaster|Dark Willow,Bleed Esports,38.70,Bleed Esports,1.25,3.60
2024-06-25,Elite League S2 CN CQ,62598,1,128765,MAG.Yolo,Crocodile,Pangolier|Lifestealer|Pudge|Grimstroke|Chen,Slardar|Crystal Maiden|Weaver|Windranger|Shadow Fiend,Crocodile,-42.37,Crocodile,2.51,1.47
2024-06-27,CyberScore Cup,62785,1,129076,NextUp,Hydra,Centaur Warrunner|Elder Titan|Techies|Troll Warlord|Storm Spirit,Sven|Clockwerk|Phoenix|Ember Spirit|Dark Seer,NextUp,-30.33,Hydra,2.00,1.75
2024-06-27,Elite League S2 EEU CQ,62748,2,129104,Yellow Submarine,9Pandas,Tiny|Rubick|Troll Warlord|Elder Titan|Lycan,Hoodwink|Centaur Warrunner|Clockwerk|Lifestealer|Shadow Fiend,9Pandas,-36.24,9Pandas,1.88,1.86
2024-06-28,CyberScore Cup,62828,1,129316,NextUp,Dragon Esports Club,Elder Titan|Ursa|Storm Spirit|Brewmaster|Techies,Sven|Crystal Maiden|Ember Spirit|Dark Seer|Clockwerk,NextUp,-52.21,Dragon Esports Club,1.90,1.84
2024-06-28,1win Series Summer,62879,1,129315,Beastcoast,Team Spirit,Jakiro|Razor|Tiny|Techies|Brewmaster,Underlord|Pugna|Bristleback|Dragon Knight|Elder Titan,Team Spirit,-34.36,Team Spirit,4.34,1.19
2024-07-01,CCT Series 1,62996,1,129580,Team Tea,SIBE Team,Dark Seer|Windranger|Medusa|Clockwerk|Tiny,Morphling|Crystal Maiden|Templar Assassin|Hoodwink|Brewmaster,Team Tea,33.79,Team Tea,1.50,2.40
2024-07-02,EPL World AM S12,63054,1,129794,Infinity,Qhali,Dark Seer|Weaver|Ember Spirit|Undying|Jakiro,Grimstroke|Beastmaster|Lifestealer|Clockwerk|Zeus,Infinity,41.08,Infinity,1.17,4.00
2024-07-04,CyberScore Cup,63148,3,130013,SIBE Team,Vrooomy.io,Sven|Gyrocopter|Spirit Breaker|Dragon Knight|Dark Seer,Weaver|Ember Spirit|Brewmaster|Dark Willow|Elder Titan,Vrooomy.io,57.38,SIBE Team,1.50,2.34
2024-07-04,Riyadh Masters 2024,63109,2,129996,Heroic,PSG Quest,Slardar|Dark Seer|Shadow Demon|Spirit Breaker|Chaos Knight,Snapfire|Troll Warlord|Pangolier|Elder Titan|Storm Spirit,PSG Quest,46.85,Heroic,1.72,2.05
2024-07-05,Riyadh Masters 2024,63173,1,130034,Entity,Beastcoast,Dark Seer|Storm Spirit|Bane|Troll Warlord|Spirit Breaker,Weaver|Elder Titan|Invoker|Pangolier|Rubick,Entity,40.09,Entity,1.38,2.80
2024-07-05,Riyadh Masters 2024,63172,1,130032,Virtus.pro,G2 x iG,Grimstroke|Sven|Dragon Knight|Dark Seer|Marci,Ember Spirit|Gyrocopter|Phoenix|Slardar|Hoodwink,G2 x iG,-32.42,G2 x iG,2.40,1.50
2024-07-06,Riyadh Masters 2024,63256,3,130249,G2 x iG,LGD Gaming,Snapfire|Gyrocopter|Hoodwink|Crystal Maiden|Underlord,Shadow Demon|Muerta|Earth Spirit|Beastmaster|Tiny,LGD Gaming,34.46,G2 x iG,1.70,2.10
2024-07-06,Riyadh Masters 2024,63201,1,130055,MOUZ,PSG Quest,Grimstroke|Jakiro|Brewmaster|Phantom Assassin|Dragon Knight,Doom|Hoodwink|Snapfire|Enchantress|Weaver,PSG Quest,-33.51,PSG Quest,2.00,1.75
2024-07-06,Riyadh Masters 2024,63197,1,130051,G2 x iG,LGD Gaming,Snapfire|Crystal Maiden|Gyrocopter|Beastmaster|Muerta,Treant Protector|Ember Spirit|Brewmaster|Terrorblade|Techies,G2 x iG,34.70,G2 x iG,1.52,2.35
2024-07-10,Riyadh Masters 2024,63347,1,130433,Team Spirit,OG,Primal Beast|Hoodwink|Terrorblade|Shadow Demon|Doom,Pangolier|Rubick|Chen|Morphling|Void Spirit,Team Spirit,30.73,Team Spirit,1.42,2.90
2024-07-10,Riyadh Masters 2024,63351,1,130436,Entity,PSG Quest,Windranger|Alchemist|Ember Spirit|Dark Seer|Elder Titan,Brewmaster|Lion|Storm Spirit|Treant Protector|Broodmother,Entity,38.68,Entity,1.60,2.35
2024-07-11,Riyadh Masters 2024,63370,1,130489,Beastcoast,Entity,Mars|Techies|Tiny|Weaver|Chaos Knight,Sand King|Crystal Maiden|Terrorblade|Underlord|Spirit Breaker,Entity,-30.10,Entity,3.64,1.26
2024-07-11,CyberScore Cup,63486,1,130793,Team Hryvnia,Team Tea,Puck|Hoodwink|Sven|Troll Warlord|Brewmaster,Chen|Broodmother|Templar Assassin|Spirit Breaker|Primal Beast,Team Hryvnia,-39.04,Team Tea,3.33,1.30
2024-07-13,EPL World AM S12,63587,5,131064,Hokori,Apex Genesis,Elder Titan|Chaos Knight|Shadow Demon|Brewmaster|Templar Assassin,Gyrocopter|Centaur Warrunner|Sven|Storm Spirit|Hoodwink,Apex Genesis,-34.89,Apex Genesis,1.87,1.79
2024-07-13,EPL World AM S12,63580,2,131030,Apex Genesis,FUSION,Monkey King|Ancient Apparition|Hoodwink|Sand King|Sven,Chen|Pangolier|Rubick|Brewmaster|Medusa,Apex Genesis,41.41,Apex Genesis,1.59,2.26
2024-07-13,RES Series EU #3,63578,1,131007,Night Pulse,Nemiga Gaming,Earth Spirit|Weaver|Jakiro|Phantom Assassin|Doom,Sven|Snapfire|Ember Spirit|Elder Titan|Beastmaster,Nemiga Gaming,42.98,Night Pulse,1.52,2.40
2024-07-13,Riyadh Masters 2024,63388,2,131011,Tundra Esports,PSG Quest,Jakiro|Bristleback|Doom|Sand King|Rubick,Tiny|Chen|Templar Assassin|Gyrocopter|Beastmaster,Tundra Esports,59.85,Tundra Esports,1.49,2.62
2024-07-16,Riyadh Masters 2024,63616,2,131339,Team Spirit,Team Liquid,Sand King|Shadow Demon|Sven|Rubick|Underlord,Spirit Breaker|Jakiro|Templar Assassin|Tiny|Dark Seer,Team Liquid,33.88,Team Spirit,1.60,2.35
2024-07-16,RES Series EU #3,63660,1,131309,Monte,rest farmers,Terrorblade|Dark Seer|Spirit Breaker|Ember Spirit|Rubick,Windranger|Sand King|Timbersaw|Sven|Jakiro,rest farmers,-30.83,rest farmers,2.36,1.56
2024-07-16,RES Series EU #3,63659,1,131307,Nightshade Esports,Night Pulse,Sven|Nyx Assassin|Underlord|Pangolier|Ursa,Slardar|Weaver|Templar Assassin|Sand King|Jakiro,Nightshade Esports,-32.04,Night Pulse,2.25,1.61
2024-07-19,Riyadh Masters 2024,63801,1,131514,Team Spirit,PSG Quest,Tidehunter|Troll Warlord|Hoodwink|Tiny|Sven,Morphling|Void Spirit|Jakiro|Brewmaster|Batrider,Team Spirit,31.32,Team Spirit,1.50,2.62
2024-07-21,Riyadh Masters 2024,63942,2,131835,Gaimin Gladiators,Team Liquid,Invoker|Chen|Alchemist|Broodmother|Shadow Fiend,Techies|Brewmaster|Sand King|Monkey King|Elder Titan,Gaimin Gladiators,32.25,Gaimin Gladiators,1.47,2.56
2024-07-21,Riyadh Masters 2024,63919,1,131753,Team Liquid,Team Falcons,Crystal Maiden|Beastmaster|Morphling|Monkey King|Pangolier,Sand King|Ancient Apparition|Timbersaw|Gyrocopter|Jakiro,Team Liquid,-44.69,Team Falcons,2.47,1.50
2024-07-22,RES Series EU #3,63948,2,131919,Team Tea,Night Pulse,Batrider|Brewmaster|Troll Warlord|Chen|Primal Beast,Hoodwink|Elder Titan|Beastmaster|Pangolier|Morphling,Team Tea,64.56,Team Tea,1.86,1.87
2024-07-26,Elite League S2,64117,2,132323,Nouns,Beastcoast,Phoenix|Terrorblade|Beastmaster|Windranger|Shadow Fiend,Clinkz|Tiny|Gyrocopter|Sand King|Jakiro,Beastcoast,-43.87,Beastcoast,1.96,1.78
2024-07-26,Elite League S2,64112,1,132232,BOOM Esports,Cuyes Esports,Sven|Doom|Rubick|Enchantress|Phoenix,Spirit Breaker|Razor|Dark Seer|Tiny|Crystal Maiden,Cuyes Esports,35.40,BOOM Esports,1.63,2.28
2024-07-27,Elite League S2,64180,1,132406,Heroic,Nouns,Huskar|Marci|Brewmaster|Weaver|Windranger,Monkey King|Tiny|Spirit Breaker|Phoenix|Pangolier,Nouns,35.47,Heroic,1.59,2.36
2024-07-28,Leon Masters #1,64178,1,132503,One Move,PSG Quest,Legion Commander|Windranger|Dazzle|Hoodwink|Elder Titan,Sven|Spirit Breaker|Primal Beast|Dark Seer|Templar Assassin,PSG Quest,-41.59,PSG Quest,3.50,1.28
2024-07-28,Clavision: Snow Ruyi,64170,1,132376,Natus Vincere,Team Spirit,Beastmaster|Nyx Assassin|Broodmother|Ember Spirit|Jakiro,Sand King|Hoodwink|Crystal Maiden|Underlord|Terrorblade,Team Spirit,-33.24,Team Spirit,4.25,1.20
2024-07-28,European Pro League S19,64201,1,132485,Monte,Team Hryvnia,Shadow Fiend|Jakiro|Dragon Knight|Spirit Breaker|Dark Seer,Hoodwink|Troll Warlord|Ember Spirit|Pangolier|Elder Titan,Team Hryvnia,30.01,Monte,1.35,3.04
2024-07-28,Clavision: Snow Ruyi,64169,2,132489,Azure Ray,G2 x iG,Clockwerk|Templar Assassin|Windranger|Snapfire|Brewmaster,Dragon Knight|Hoodwink|Chen|Puck|Pangolier,G2 x iG,-32.28,G2 x iG,2.50,1.50
2024-07-28,Clavision: Snow Ruyi,64166,1,132466,Natus Vincere,LGD Gaming,Sven|Terrorblade|Rubick|Underlord|Tiny,Centaur Warrunner|Ember Spirit|Lifestealer|Jakiro|Hoodwink,Natus Vincere,-33.79,LGD Gaming,2.35,1.58
2024-07-29,Clavision: Snow Ruyi,64187,1,132415,Xtreme Gaming,Azure Ray,Chen|Viper|Troll Warlord|Morphling|Doom,Sven|Elder Titan|Rubick|Razor|Underlord,Azure Ray,51.42,Xtreme Gaming,1.26,3.80
2024-07-30,European Pro League S19,64301,1,132712,DMS,Level Up,Dark Seer|Windranger|Enchantress|Chaos Knight|Sand King,Pangolier|Elder Titan|Weaver|Dragon Knight|Primal Beast,DMS,32.76,DMS,1.17,4.40
2024-07-30,Clavision: Snow Ruyi,64194,2,132685,Team Zero,Team Spirit,Sven|Pangolier|Snapfire|Batrider|Weaver,Slardar|Bane|Hoodwink|Dragon Knight|Monkey King,Team Spirit,-31.05,Team Spirit,3.27,1.31
2024-07-31,European Pro League S19,64315,1,132832,Team Tea,Winter Bear,Ursa|Pangolier|Elder Titan|Dark Seer|Hoodwink,Nyx Assassin|Beastmaster|Dragon Knight|Snapfire|Ember Spirit,Team Tea,33.63,Team Tea,1.26,3.39
2024-08-03,Clavision: Snow Ruyi,64463,1,133093,G2 x iG,Nigma Galaxy,Primal Beast|Chen|Pangolier|Muerta|Troll Warlord,Rubick|Elder Titan|Tiny|Beastmaster|Lina,Nigma Galaxy,77.43,G2 x iG,1.66,2.14
2024-08-04,Elite League S2,64539,1,133292,1win Team,Team Liquid,Terrorblade|Beastmaster|Rubick|Hoodwink|Pangolier,Elder Titan|Luna|Shadow Demon|Ember Spirit|Sand King,Team Liquid,-59.25,Team Liquid,1.90,1.84
2024-08-04,Clavision: Snow Ruyi,64492,1,133179,Team Spirit,Nigma Galaxy,Slardar|Elder Titan|Clinkz|Windranger|Pangolier,Io|Beastmaster|Marci|Leshrac|Jakiro,Team Spirit,55.56,Team Spirit,1.48,2.53
2024-08-07,EPL World AM S13,64662,2,133600,GRIN Esports,Thunder Awaken,Sand King|Shadow Demon|Elder Titan|Terrorblade|Ember Spirit,Grimstroke|Clockwerk|Death Prophet|Dragon Knight|Chaos Knight,GRIN Esports,32.93,GRIN Esports,1.19,3.98
2024-08-07,CCT Series 2,64626,1,133508,Night Pulse,Monte,Enchantress|Lycan|Luna|Lina|Sven,Storm Spirit|Tiny|Templar Assassin|Visage|Elder Titan,Night Pulse,65.62,Night Pulse,1.30,3.33
2024-08-07,RES Series SEA #4,64609,2,133548,Carstensz,Team TK,Crystal Maiden|Troll Warlord|Pangolier|Medusa|Elder Titan,Dark Seer|Terrorblade|Shadow Demon|Ember Spirit|Tiny,Team TK,-60.33,Team TK,4.94,1.15
2024-08-08,EPL World AM S13,64656,3,133711,Infamous,Pacific eSports,Underlord|Luna|Marci|Shadow Fiend|Jakiro,Timbersaw|Phoenix|Beastmaster|Dragon Knight|Earth Spirit,Infamous,31.21,Infamous,1.66,2.03
2024-08-08,CCT Series 2,64674,3,133687,Team Hryvnia,DMS,Tidehunter|Clockwerk|Rubick|Queen of Pain|Weaver,Hoodwink|Chaos Knight|Brewmaster|Lina|Jakiro,Team Hryvnia,42.95,Team Hryvnia,1.73,2.03
2024-08-09,CCT Series 2,64715,1,133724,Team Hryvnia,L1ga Team,Hoodwink|Elder Titan|Shadow Fiend|Keeper of the Light|Timbersaw,Luna|Chen|Void Spirit|Visage|Monkey King,L1ga Team,-32.56,L1ga Team,2.05,1.72
2024-08-15,PGL Wallachia S2 EEU CQ,65177,1,134679,Yellow Submarine,L1ga Team,Crystal Maiden|Shadow Fiend|Hoodwink|Puck|Underlord,Slark|Kunkka|Pangolier|Chen|Shadow Demon,L1ga Team,34.63,Yellow Submarine,1.71,2.08
2024-08-15,PGL Wallachia S2 CN CQ,65155,2,134635,Team Zero,Azure Ray,Void Spirit|Treant Protector|Lina|Doom|Medusa,Rubick|Shadow Demon|Windranger|Pangolier|Wraith King,Azure Ray,-30.80,Azure Ray,2.28,1.59
2024-08-15,PGL Wallachia S2 SEA CQ,65171,2,134627,Blacklist International,Bruv123,Alchemist|Underlord|Mirana|Shadow Demon|Sand King,Batrider|Hoodwink|Brewmaster|Lina|Chaos Knight,Bruv123,44.37,Blacklist International,1.47,2.58
2024-08-16,PGL Wallachia S2 SA CQ,65307,1,134876,Beastcoast,Legacy,Sand King|Lina|Mirana|Treant Protector|Underlord,Templar Assassin|Hoodwink|Dragon Knight|Broodmother|Enchantress,Beastcoast,44.47,Beastcoast,1.30,3.25
2024-08-16,PGL Wallachia S2 SA CQ,65281,1,134830,Cuyes Esports,Beastcoast,Doom|Chaos Knight|Jakiro|Tiny|Oracle,Sand King|Pangolier|Nature's Prophet|Marci|Lina,Beastcoast,-33.39,Beastcoast,1.92,1.80
2024-08-18,RES Regional Series: LATAM #4,65359,1,135100,Team Maia,Infamous,Invoker|Hoodwink|Marci|Beastmaster|Lina,Gyrocopter|Keeper of the Light|Elder Titan|Rubick|Underlord,Infamous,-42.97,Infamous,2.00,1.75
2024-08-19,LATAMAX Cup Royal,65395,2,135177,BLACKangels,SAND KING GÓMEZ,Elder Titan|Centaur Warrunner|Rubick|Tiny|Gyrocopter,Sniper|Ursa|Kunkka|Ember Spirit|Chen,SAND KING GÓMEZ,-52.45,SAND KING GÓMEZ,5.98,1.11
2024-08-20,RES Regional Series: LATAM #4,65422,1,135292,Legacy,Infinity,Treant Protector|Lina|Doom|Enchantress|Monkey King,Timbersaw|Sand King|Hoodwink|Tinker|Luna,Legacy,-38.17,Infinity,2.46,1.51
2024-08-20,CCT Series 3,65442,2,135282,Dragon Esports Club,Vrooomy.io,Sniper|Chaos Knight|Doom|Enigma|Mirana,Leshrac|Tidehunter|Nature's Prophet|Medusa|Naga Siren,Vrooomy.io,-33.34,Vrooomy.io,2.74,1.42
2024-08-20,RES Regional Series: LATAM #4,65420,2,135278,AcatSuki,Infamous,Phoenix|Mars|Earth Spirit|Sven|Shadow Fiend,Timbersaw|Rubick|Pudge|Naga Siren|Lina,Infamous,30.56,AcatSuki,1.61,2.18
2024-08-21,EPL World AM S13,65479,2,135405,Cuyes Esports,South Team,Rubick|Sven|Bristleback|Queen of Pain|Mirana,Sand King|Leshrac|Marci|Void Spirit|Luna,Cuyes Esports,34.28,Cuyes Esports,1.34,2.86
2024-08-21,FISSURE Universe: Episode 3,65419,2,135352,Team Spirit,Cloud9,Enchantress|Nature's Prophet|Bristleback|Batrider|Windranger,Centaur Warrunner|Chen|Monkey King|Clinkz|Grimstroke,Team Spirit,39.57,Team Spirit,1.60,2.25
2024-08-22,FISSURE Universe: Episode 3,65521,1,135429,Gaimin Gladiators,BetBoom Team,Centaur Warrunner|Naga Siren|Weaver|Ember Spirit|Shadow Demon,Windranger|Beastmaster|Sven|Keeper of the Light|Jakiro,BetBoom Team,55.35,Gaimin Gladiators,1.54,2.51
2024-08-26,CCT Series 3,65773,2,136045,Night Pulse,AVULUS,Sand King|Weaver|Sniper|Naga Siren|Earthshaker,Bristleback|Queen of Pain|Nature's Prophet|Hoodwink|Centaur Warrunner,AVULUS,-30.74,AVULUS,2.04,1.73
2024-09-02,PHOENIX LEAGUE,66082,1,136761,Evil Rabbit,Team TK,Omniknight|Dragon Knight|Dark Willow|Mars|Ember Spirit,Primal Beast|Muerta|Huskar|Lina|Shadow Demon,Evil Rabbit,-32.44,Team TK,2.25,1.60
2024-09-02,PHOENIX LEAGUE,66105,1,136837,Team Bright,Spiky Gaming,Puck|Pudge|Sniper|Crystal Maiden|Bloodseeker,Snapfire|Tusk|Invoker|Pangolier|Ember Spirit,Spiky Gaming,30.12,Team Bright,1.50,2.48
2024-09-06,PHOENIX LEAGUE,66261,1,137243,Salvation Gaming,Team TK,Mirana|Queen of Pain|Mars|Bloodseeker|Tinker,Treant Protector|Viper|Windranger|Pangolier|Muerta,Team TK,38.26,Salvation Gaming,1.72,2.05
2024-09-16,RES Regional Series: EU #4,66563,2,138153,One Move,V1dar Gaming,Ember Spirit|Mirana|Naga Siren|Windranger|Centaur Warrunner,Undying|Beastmaster|Keeper of the Light|Luna|Storm Spirit,One Move,39.47,One Move,1.32,3.24
2024-09-23,European Pro League S20,67064,2,139001,TopTab,Hydra,Nature's Prophet|Elder Titan|Broodmother|Mirana|Razor,Centaur Warrunner|Dark Willow|Primal Beast|Shadow Fiend|Treant Protector,Hydra,-37.59,Hydra,2.60,1.46
2024-09-23,BetBoom Dacha Belgrade 2024: SEA Closed Qualifier,67052,2,138920,Execration,Bruv123,Io|Alchemist|Vengeful Spirit|Sniper|Elder Titan,Weaver|Clockwerk|Windranger|Doom|Nature's Prophet,Execration,-36.83,Bruv123,2.10,1.65
2024-09-25,BetBoom Dacha Belgrade 2024: WEU Closed Qualifier,67305,1,139350,Nigma Galaxy,MOUZ,Elder Titan|Centaur Warrunner|Windranger|Sand King|Dark Willow,Medusa|Rubick|Tusk|Timbersaw|Storm Spirit,Nigma Galaxy,32.23,Nigma Galaxy,1.62,2.25
2024-09-25,BetBoom Dacha Belgrade 2024: SEA Closed Qualifier,67226,1,139265,Bruv123,Kukuys,Bristleback|Sniper|Chen|Ember Spirit|Doom,Nature's Prophet|Sand King|Zeus|Mirana|Spirit Breaker,Bruv123,-32.69,Kukuys,2.25,1.58
2024-09-26,BetBoom Dacha Belgrade 2024: EEU Closed Qualifier,67348,1,139459,Night Pulse,L1ga Team,Rubick|Tusk|Kunkka|Morphling|Beastmaster,Sand King|Bristleback|Invoker|Dark Willow|Elder Titan,L1ga Team,-56.56,L1ga Team,2.19,1.63
2024-09-27,RES Regional Series: EU #4,67356,1,139641,AVULUS,Night Pulse,Kunkka|Tusk|Queen of Pain|Batrider|Broodmother,Invoker|Windranger|Leshrac|Clockwerk|Doom,AVULUS,38.82,AVULUS,1.52,2.43
2024-09-27,BetBoom Dacha Belgrade 2024: CN Closed Qualifier,67455,5,139662,Invictus Gaming,Azure Ray,Primal Beast|Clockwerk|Nyx Assassin|Nature's Prophet|Void Spirit,Puck|Bane|Sniper|Windranger|Bristleback,Invictus Gaming,38.25,Invictus Gaming,1.78,1.98
2024-09-27,BetBoom Dacha Belgrade 2024: CN Closed Qualifier,67353,2,139606,Azure Ray,Team Zero,Dragon Knight|Dark Seer|Mirana|Clockwerk|Storm Spirit,Sniper|Luna|Pangolier|Naga Siren|Tiny,Azure Ray,34.69,Azure Ray,1.52,2.40
2024-09-28,DreamLeague Season 24: North America Closed Qualifier,67519,1,139803,Fart Studios,UNKNOWN,Dark Willow|Elder Titan|Sand King|Viper|Templar Assassin,Timbersaw|Shadow Fiend|Tiny|Skywrath Mage|Rubick,Fart Studios,39.35,Fart Studios,1.75,2.00
2024-09-29,DreamLeague Season 24: North America Closed Qualifier,67567,1,139870,Nouns,Fart Studios,Naga Siren|Razor|Bristleback|Puck|Snapfire,Kunkka|Dark Willow|Tiny|Elder Titan|Lina,Nouns,36.09,Nouns,1.19,4.28
2024-09-30,DreamLeague Season 24: North America Closed Qualifier,67663,1,140136,Nouns,Shopify Rebellion,Mars|Grimstroke|Queen of Pain|Treant Protector|Luna,Batrider|Omniknight|Broodmother|Windranger|Tiny,Nouns,30.34,Nouns,1.46,2.60
2024-09-30,DreamLeague Season 24: Eastern Europe Closed Qualifier,67646,3,140121,Team Spirit,Virtus.pro,Mars|Alchemist|Jakiro|Naga Siren|Sniper,Tusk|Dragon Knight|Pangolier|Treant Protector|Visage,Team Spirit,36.73,Team Spirit,1.62,2.21
2024-09-30,DreamLeague Season 24: Southeast Asia Closed Qualifier,67635,3,140080,Talon Esports,Aurora,Clockwerk|Luna|Doom|Sniper|Puck,Snapfire|Dragon Knight|Meepo|Mirana|Kunkka,Talon Esports,-40.96,Aurora,1.98,1.75
2024-10-01,European Pro League S20,67650,1,140200,TopTab,ASAKURA,Hoodwink|Puck|Medusa|Enigma|Treant Protector,Bristleback|Mirana|Sand King|Sniper|Rubick,ASAKURA,-30.96,ASAKURA,2.60,1.46
2024-10-05,PGL Wallachia Season 2,67823,1,140510,Team Waska,Natus Vincere,Naga Siren|Pangolier|Luna|Bristleback|Bounty Hunter,Nyx Assassin|Batrider|Monkey King|Primal Beast|Morphling,Natus Vincere,-41.86,Natus Vincere,2.15,1.68
2024-10-05,PGL Wallachia Season 2,67818,2,140564,Heroic,Azure Ray,Snapfire|Anti-Mage|Earth Spirit|Centaur Warrunner|Clockwerk,Night Stalker|Medusa|Wraith King|Jakiro|Sniper,Heroic,54.90,Heroic,1.60,2.25
2024-10-10,PGL Wallachia Season 2,67999,1,140952,AVULUS,Nouns,Sniper|Underlord|Phoenix|Lion|Medusa,Queen of Pain|Hoodwink|Beastmaster|Morphling|Naga Siren,AVULUS,40.96,AVULUS,1.75,2.05
2024-10-11,CCT Series 4,67991,3,141188,Nemiga Gaming,Bushido,Queen of Pain|Centaur Warrunner|Bristleback|Hoodwink|Disruptor,Enchantress|Luna|Batrider|Tiny|Doom,Nemiga Gaming,30.24,Nemiga Gaming,1.70,2.05
2024-10-15,CCT Series 4,68204,2,141512,Passion UA,Palianytsia,Brewmaster|Batrider|Pangolier|Terrorblade|Tusk,Morphling|Primal Beast|Leshrac|Doom|Omniknight,Passion UA,-35.61,Palianytsia,2.32,1.57
2024-10-16,CCT Series 4,68227,2,141647,Dragon Esports Club,Quantum,Anti-Mage|Dark Seer|Puck|Nyx Assassin|Clockwerk,Magnus|Medusa|Elder Titan|Templar Assassin|Snapfire,Dragon Esports Club,77.31,Dragon Esports Club,1.52,2.43
2024-10-18,European Pro League S20,68341,2,141874,NAVI Junior,DMS,Primal Beast|Clockwerk|Rubick|Underlord|Luna,Muerta|Tiny|Naga Siren|Alchemist|Beastmaster,NAVI Junior,57.13,NAVI Junior,1.43,2.70
2024-10-20,BetBoom Dacha: Belgrade 2024,68250,1,141594,MOUZ,Tundra Esports,Storm Spirit|Dark Seer|Keeper of the Light|Naga Siren|Medusa,Clockwerk|Death Prophet|Ember Spirit|Ursa|Sand King,Tundra Esports,-40.73,Tundra Esports,3.80,1.23
2024-10-22,RES Regional Champions,68486,1,142197,AVULUS,Team Waska,Shadow Demon|Storm Spirit|Snapfire|Gyrocopter|Underlord,Tusk|Beastmaster|Muerta|Dark Willow|Invoker,Team Waska,40.52,AVULUS,1.65,2.10
2024-10-23,BetBoom Dacha: Belgrade 2024,68513,1,142199,Team Spirit,Yakutou Brothers,Snapfire|Sand King|Bristleback|Lion|Medusa,Dawnbreaker|Naga Siren|Huskar|Morphling|Muerta,Team Spirit,53.96,Team Spirit,1.65,2.10
2024-10-23,BetBoom Dacha: Belgrade 2024,68516,1,142204,Tundra Esports,Gaimin Gladiators,Tusk|Razor|Batrider|Pangolier|Beastmaster,Clockwerk|Muerta|Gyrocopter|Invoker|Bloodseeker,Gaimin Gladiators,-57.25,Gaimin Gladiators,1.95,1.75
2024-10-25,RES Regional Champions,68606,2,142497,OG,PARIVISION,Beastmaster|Gyrocopter|Queen of Pain|Clockwerk|Grimstroke,Tusk|Chen|Invoker|Bristleback|Sand King,PARIVISION,-37.35,PARIVISION,2.22,1.62
2024-10-26,BetBoom Dacha: Belgrade 2024,68672,1,142590,Team Falcons,Tundra Esports,Gyrocopter|Earth Spirit|Hoodwink|Doom|Phoenix,Elder Titan|Luna|Beastmaster|Ember Spirit|Shadow Demon,Tundra Esports,37.55,Team Falcons,1.48,2.50
2024-10-27,DreamLeague S24,68625,2,142712,Team Spirit,Team Waska,Storm Spirit|Shadow Fiend|Hoodwink|Centaur Warrunner|Clockwerk,Beastmaster|Muerta|Gyrocopter|Invoker|Elder Titan,Team Spirit,30.48,Team Spirit,1.34,3.30
2024-10-27,DreamLeague S24,68622,2,142697,AVULUS,PARIVISION,Shadow Fiend|Invoker|Elder Titan|Lion|Beastmaster,Dark Seer|Bristleback|Marci|Pugna|Earth Spirit,PARIVISION,-51.97,PARIVISION,2.30,1.55
2024-10-28,DreamLeague S24,68695,1,142626,Palianytsia,Team Spirit,Snapfire|Shadow Fiend|Doom|Pangolier|Marci,Hoodwink|Primal Beast|Storm Spirit|Luna|Clockwerk,Team Spirit,-34.55,Team Spirit,4.23,1.20
2024-10-28,DreamLeague S24,68688,1,142623,Gaimin Gladiators,PARIVISION,Shadow Fiend|Shadow Demon|Muerta|Earth Spirit|Bristleback,Broodmother|Razor|Elder Titan|Sand King|Batrider,PARIVISION,38.05,Gaimin Gladiators,1.70,2.08
2024-11-01,DreamLeague S24,68849,2,143195,Xtreme Gaming,Team Waska,Puck|Clockwerk|Dark Seer|Phoenix|Alchemist,Tiny|Tusk|Batrider|Luna|Mars,Xtreme Gaming,31.22,Xtreme Gaming,1.52,2.35
2024-11-01,DreamLeague S24,68848,2,143182,Tundra Esports,BetBoom Team,Shadow Demon|Clockwerk|Doom|Monkey King|Alchemist,Medusa|Tusk|Pangolier|Broodmother|Hoodwink,Tundra Esports,33.03,Tundra Esports,1.55,2.30
2024-11-03,DreamLeague S24,68892,1,143143,Tundra Esports,Team Falcons,Ember Spirit|Broodmother|Tusk|Enchantress|Visage,Gyrocopter|Hoodwink|Doom|Crystal Maiden|Earth Spirit,Team Falcons,-30.05,Team Falcons,2.12,1.67
2024-11-04,DreamLeague S24,68897,1,143138,PARIVISION,BetBoom Team,Dark Willow|Pugna|Alchemist|Earth Spirit|Sand King,Naga Siren|Timbersaw|Gyrocopter|Shadow Demon|Magnus,BetBoom Team,35.94,PARIVISION,1.80,1.90
2024-11-06,DreamLeague S24,68906,2,143664,BetBoom Team,Team Spirit,Clockwerk|Keeper of the Light|Templar Assassin|Timbersaw|Muerta,Dawnbreaker|Lion|Tusk|Dragon Knight|Morphling,BetBoom Team,32.52,BetBoom Team,1.52,2.43
2024-11-12,European Pro League S21,69428,2,144283,Hydra,4Pirates,Luna|Chen|Dark Seer|Dark Willow|Pangolier,Medusa|Muerta|Ogre Magi|Dawnbreaker|Tiny,Hydra,32.05,Hydra,1.45,2.48
2024-11-15,ESL One Bangkok 2024 NA CQ,69720,2,144848,Apex Genesis,CONSILIUM,Terrorblade|Chen|Juggernaut|Bounty Hunter|Earth Spirit,Keeper of the Light|Hoodwink|Tusk|Muerta|Tiny,Apex Genesis,34.81,Apex Genesis,1.11,5.93
2024-11-15,ESL One Bangkok 2024: SA CQ,69717,2,144851,Beastcoast,Hokori,Alchemist|Chen|Magnus|Lion|Storm Spirit,Templar Assassin|Shadow Demon|Dragon Knight|Beastmaster|Batrider,Beastcoast,35.27,Beastcoast,1.34,3.08
2024-11-15,ESL One Bangkok 2024: CN CQ,69641,1,144692,Gaozu,Spiky Gaming,Grimstroke|Storm Spirit|Night Stalker|Pugna|Alchemist,Tinker|Morphling|Muerta|Pangolier|Ember Spirit,Gaozu,39.85,Gaozu,1.11,5.74
2024-11-15,ESL One Bangkok 2024 SEA CQ,69644,3,144686,Team Kukuys,Ivory,Sniper|Lich|Rubick|Sand King|Alchemist,Puck|Beastmaster|Lion|Templar Assassin|Clockwerk,Team Kukuys,31.97,Team Kukuys,1.50,2.48
2024-11-16,ESL One Bangkok 2024: SA CQ,69813,1,145041,Heroic,Infinity,Tusk|Hoodwink|Earth Spirit|Shadow Fiend|Anti-Mage,Ember Spirit|Shadow Demon|Medusa|Ogre Magi|Bristleback,Heroic,36.39,Heroic,1.19,4.29
2024-11-17,ESL One Bangkok 2024 NA CQ,69852,1,145165,Shopify Rebellion,Apex Genesis,Nyx Assassin|Gyrocopter|Sand King|Chen|Enigma,Crystal Maiden|Shadow Fiend|Beastmaster|Dark Willow|Tiny,Shopify Rebellion,47.03,Shopify Rebellion,1.34,3.09
2024-11-17,ESL One Bangkok 2024: SA CQ,69832,1,145166,FUSION,Heroic,Batrider|Nature's Prophet|Ogre Magi|Spectre|Beastmaster,Shadow Fiend|Chen|Tidehunter|Clockwerk|Invoker,Heroic,-31.59,Heroic,3.20,1.32
2024-11-17,ESL One Bangkok 2024: MESWA CQ,69828,1,145084,Team mansaf,Winter Bear,Crystal Maiden|Beastmaster|Muerta|Alchemist|Keeper of the Light,Enchantress|Bristleback|Pangolier|Bounty Hunter|Doom,Winter Bear,-36.03,Winter Bear,3.62,1.26
2024-11-17,ESL One Bangkok 2024: CN CQ,69816,1,145047,Xtreme Gaming,Yakutou Brothers,Pugna|Muerta|Medusa|Broodmother|Void Spirit,Luna|Elder Titan|Tinker|Puck|Clockwerk,Xtreme Gaming,47.31,Xtreme Gaming,1.62,2.15
2024-11-18,CCT Series 5,69926,1,145315,DMS,Zero Tenacity,Batrider|Medusa|Pangolier|Enigma|Ogre Magi,Anti-Mage|Magnus|Pugna|Dark Willow|Sand King,DMS,-30.90,Zero Tenacity,2.08,1.70
2024-11-20,1win Series Fall,69937,1,145335,1win Team,OG,Gyrocopter|Naga Siren|Ember Spirit|Monkey King|Beastmaster,Pugna|Dawnbreaker|Batrider|Medusa|Queen of Pain,1win Team,-35.03,OG,1.93,1.89
2024-11-21,EPL World AM S14,70084,1,145705,FUSION,AcatSuki,Dark Willow|Primal Beast|Slark|Grimstroke|Dragon Knight,Pangolier|Batrider|Dazzle|Morphling|Tusk,FUSION,30.62,FUSION,1.29,3.35
2024-11-22,European Pro League S21,70130,2,145810,9Pandas,Level Up,Gyrocopter|Puck|Terrorblade|Elder Titan|Lion,Beastmaster|Templar Assassin|Invoker|Pugna|Tusk,9Pandas,36.96,9Pandas,1.41,2.76
2024-11-24,European Pro League S21,70220,2,145999,9Pandas,Zero Tenacity,Tiny|Medusa|Pangolier|Dark Willow|Dawnbreaker,Lina|Tusk|Gyrocopter|Lion|Beastmaster,9Pandas,32.19,9Pandas,1.30,3.30
2024-11-24,Asian Dragon Series: Regional Collision,70204,1,145959,Ivory,Yangon Galacticos,Lifestealer|Storm Spirit|Gyrocopter|Snapfire|Beastmaster,Phoenix|Mars|Templar Assassin|Clockwerk|Earth Spirit,Ivory,32.72,Ivory,1.78,1.98
2024-11-25,European Pro League S21,70246,2,146093,9Pandas,Dragon Esports Club,Sand King|Alchemist|Storm Spirit|Dark Willow|Undying,Mars|Warlock|Pangolier|Dragon Knight|Hoodwink,9Pandas,30.23,9Pandas,1.45,2.64
2024-11-25,European Pro League S21,70248,1,146067,Zero Tenacity,Hydra,Lycan|Terrorblade|Void Spirit|Clockwerk|Rubick,Lion|Tiny|Magnus|Templar Assassin|Ancient Apparition,Hydra,34.96,Zero Tenacity,1.53,2.29
2024-12-03,EPL World AM S14,70508,1,146769,Fantasy Gaming,Lava Esports,Medusa|Ogre Magi|Batrider|Lycan|Lina,Shadow Demon|Gyrocopter|Tiny|Tidehunter|Pugna,Fantasy Gaming,-40.36,Lava Esports,2.37,1.54
2024-12-10,MESA Invitational 2024,70510,2,147450,Talon Esports,AnimeVesta,Chen|Earthshaker|Magnus|Shadow Demon|Dragon Knight,Broodmother|Morphling|Invoker|Clockwerk|Muerta,Talon Esports,33.28,Talon Esports,1.10,6.38
2024-12-11,European Pro League S 22,70894,3,147622,Zero Tenacity,4Pirates,Sniper|Enigma|Gyrocopter|Nyx Assassin|Ogre Magi,Medusa|Timbersaw|Batrider|Muerta|Invoker,Zero Tenacity,32.58,Zero Tenacity,1.45,2.60
2024-12-14,ESL One Bangkok 2024,71026,2,147907,Team Liquid,Team Spirit,Phoenix|Ember Spirit|Anti-Mage|Oracle|Primal Beast,Lycan|Batrider|Tiny|Elder Titan|Medusa,Team Liquid,36.57,Team Liquid,1.65,2.10
2024-12-14,ESL One Bangkok 2024,70957,2,147871,BetBoom Team,PARIVISION,Crystal Maiden|Alchemist|Muerta|Axe|Lina,Tiny|Lich|Terrorblade|Dark Willow|Razor,PARIVISION,32.67,BetBoom Team,1.64,2.16
2024-12-15,MESA Invitational 2024,71050,3,147968,NAVI Junior,Aurora,Lion|Tiny|Medusa|Dark Seer|Bounty Hunter,Ember Spirit|Phoenix|Dragon Knight|Chen|Clockwerk,NAVI Junior,-30.98,Aurora,2.20,1.58
2024-12-19,FISSURE PLAYGROUND AM CQ,71261,1,148409,Team Waska,Fantasy Gaming,Gyrocopter|Earth Spirit|Clockwerk|Medusa|Enigma,Beastmaster|Skywrath Mage|Lina|Tusk|Sven,Team Waska,32.35,Team Waska,1.12,5.30
2024-12-19,FISSURE PLAYGROUND SEA CQ,71247,2,148422,BOOM Esports,Team Kukuys,Chen|Chaos Knight|Earthshaker|Batrider|Pangolier,Shadow Demon|Pugna|Beastmaster|Medusa|Earth Spirit,BOOM Esports,30.15,BOOM Esports,1.56,2.33
2024-12-20,FISSURE PLAYGROUND WEU CQ,71300,3,148553,MOUZ,Dragon Esports Club,Sniper|Muerta|Templar Assassin|Chen|Tiny,Beastmaster|Elder Titan|Nyx Assassin|Weaver|Huskar,MOUZ,67.57,MOUZ,1.55,2.35
2024-12-20,FISSURE PLAYGROUND SEA CQ,71298,2,148519,Team Kukuys,Execration,Muerta|Primal Beast|Lina|Gyrocopter|Clockwerk,Monkey King|Elder Titan|Razor|Rubick|Batrider,Team Kukuys,41.42,Team Kukuys,1.71,2.05
2025-01-08,DreamLeague S25 EEU CQ,72065,1,150210,ASAKURA,One Move,Brewmaster|Lich|Invoker|Lion|Slark,Magnus|Shadow Demon|Tiny|Gyrocopter|Muerta,ASAKURA,-30.20,One Move,2.40,1.50
2025-01-08,DreamLeague S25 SA CQ,72076,2,150154,M80,Hokori,Pugna|Viper|Monkey King|Clockwerk|Slark,Lich|Tiny|Bristleback|Muerta|Templar Assassin,Hokori,33.58,M80,1.38,2.80
2025-01-09,DreamLeague S25 SA CQ,72262,1,150519,Heroic,FUSION,Ogre Magi|Morphling|Tiny|Lion|Huskar,Earthshaker|Batrider|Pangolier|Phoenix|Bristleback,Heroic,36.25,Heroic,1.50,2.40
2025-01-09,DreamLeague S25 WEU CQ,72249,1,150494,AVULUS,NAVI Junior,Pangolier|Earth Spirit|Batrider|Dragon Knight|Chen,Phantom Assassin|Phoenix|Tiny|Beastmaster|Elder Titan,AVULUS,33.35,AVULUS,1.48,2.50
2025-01-09,DreamLeague S25 WEU CQ,72023,2,150488,Team Türkiye,Tundra Esports,Phantom Assassin|Lich|Invoker|Keeper of the Light|Centaur Warrunner,Chen|Clockwerk|Lifestealer|Doom|Ember Spirit,Tundra Esports,-44.90,Tundra Esports,7.19,1.08
2025-01-09,DreamLeague S25 CN CQ,72130,2,150421,Titan,Team Tidebound,Silencer|Pangolier|Gyrocopter|Night Stalker|Tusk,Oracle|Bounty Hunter|Magnus|Bloodseeker|Sniper,Team Tidebound,-32.52,Team Tidebound,3.10,1.32
2025-01-11,DreamLeague S25 WEU CQ,72414,1,150823,Gaimin Gladiators,NAVI Junior,Queen of Pain|Drow Ranger|Chen|Muerta|Doom,Tiny|Phoenix|Pangolier|Lifestealer|Batrider,Gaimin Gladiators,33.76,Gaimin Gladiators,1.32,3.10
2025-01-11,DreamLeague S25 MESWA CQ,72353,1,150793,Chimera Esports,Winter Bear,Bristleback|Clockwerk|Muerta|Gyrocopter|Puck,Razor|Warlock|Tusk|Lina|Primal Beast,Chimera Esports,37.58,Chimera Esports,1.05,7.50
2025-01-11,DreamLeague S25 NA CQ,72276,2,150759,Shopify Rebellion,Wildcard,Weaver|Lich|Lycan|Earth Spirit|Magnus,Elder Titan|Dawnbreaker|Dragon Knight|Dark Willow|Tiny,Shopify Rebellion,31.39,Shopify Rebellion,1.28,3.35
2025-01-14,PGL Wallachia S3 WEU CQ,72604,3,151330,AVULUS,Nigma Galaxy,Batrider|Pugna|Lycan|Earth Spirit|Bloodseeker,Puck|Templar Assassin|Tiny|Phoenix|Lion,AVULUS,37.04,AVULUS,1.48,2.50
2025-01-15,PGL Wallachia S3 SEA CQ,72741,1,151421,Talon Esports,BOOM Esports,Phoenix|Brewmaster|Magnus|Shadow Demon|Lina,Tiny|Night Stalker|Terrorblade|Pugna|Templar Assassin,Talon Esports,41.43,Talon Esports,1.65,2.10
2025-01-17,ESL One Raleigh EEU CQ,72820,1,151657,Natus Vincere,9Pandas,Bristleback|Shadow Shaman|Pangolier|Naga Siren|Enchantress,Elder Titan|Earthshaker|Shadow Demon|Templar Assassin|Night Stalker,9Pandas,74.49,Natus Vincere,1.68,2.05
2025-01-18,ESL One Raleigh EEU CQ,72909,1,151842,Team Spirit,9Pandas,Hoodwink|Chen|Spectre|Monkey King|Lycan,Night Stalker|Elder Titan|Dark Willow|Storm Spirit|Luna,Team Spirit,44.49,Team Spirit,1.17,4.40
2025-01-18,ESL One Raleigh WEU CQ,72864,1,151823,NAVI Junior,OG,Templar Assassin|Tiny|Crystal Maiden|Pangolier|Batrider,Chen|Bloodseeker|Earth Spirit|Dawnbreaker|Grimstroke,NAVI Junior,-42.88,OG,2.15,1.62
2025-01-18,ESL One Raleigh CN CQ,72860,2,151791,Spiky Gaming,Team Tidebound,Morphling|Timbersaw|Shadow Demon|Ogre Magi|Storm Spirit,Io|Queen of Pain|Shadow Shaman|Terrorblade|Marci,Team Tidebound,-30.12,Team Tidebound,7.10,1.07
2025-01-18,ESL One Raleigh SA CQ,72854,2,151784,M80,Heroic,Lich|Lycan|Nyx Assassin|Razor|Mars,Lion|Earthshaker|Enigma|Naga Siren|Gyrocopter,Heroic,-31.91,Heroic,2.95,1.35
2025-01-21,European Pro League Season 23,73007,3,152195,Lesnaya Bratva,ASAKURA,Dark Willow|Monkey King|Bristleback|Terrorblade|Batrider,Slark|Doom|Puck|Phoenix|Shadow Shaman,ASAKURA,-36.93,ASAKURA,2.30,1.55
2025-01-22,CCT Series 6,73054,1,152297,LFG,4Pirates,Naga Siren|Phoenix|Dark Willow|Pangolier|Magnus,Shadow Shaman|Lycan|Ember Spirit|Beastmaster|Batrider,LFG,35.42,LFG,1.80,1.90
2025-01-22,European Pro League Season 23,73072,1,152298,Quantum,ASAKURA,Phoenix|Morphling|Earthshaker|Lion|Beastmaster,Drow Ranger|Enigma|Elder Titan|Magnus|Lina,Quantum,-44.90,ASAKURA,3.80,1.22
2025-01-23,European Pro League Season 23,73124,2,152451,LFG,Quantum,Earth Spirit|Dawnbreaker|Dark Willow|Phoenix|Gyrocopter,Bounty Hunter|Spectre|Beastmaster|Tiny|Batrider,LFG,32.74,LFG,1.72,2.00
2025-01-31,FISSURE PLAYGROUND,73361,2,153201,Heroic,PARIVISION,Beastmaster|Dark Willow|Gyrocopter|Tiny|Huskar,Tidehunter|Batrider|Phantom Assassin|Chen|Dragon Knight,PARIVISION,-33.35,PARIVISION,2.34,1.60
2025-02-02,FISSURE PLAYGROUND,73513,2,153382,Team Falcons,PARIVISION,Doom|Omniknight|Magnus|Bounty Hunter|Gyrocopter,Phoenix|Batrider|Tiny|Elder Titan|Slark,Team Falcons,32.89,Team Falcons,1.68,2.05
2025-02-06,Asian Dragon Series: Continental Collision,73773,1,153880,Yangon Galacticos,The MongolZ,Phoenix|Nyx Assassin|Beastmaster|Phantom Assassin|Magnus,Primal Beast|Tiny|Bounty Hunter|Warlock|Bloodseeker,Yangon Galacticos,-32.36,The MongolZ,2.60,1.44
2025-02-08,FISSURE Universe 4 SA CQ,74003,3,154231,Looking For Org,Perro Negro,Gyrocopter|Bounty Hunter|Pangolier|Sand King|Lifestealer,Templar Assassin|Nyx Assassin|Phoenix|Tiny|Beastmaster,Looking For Org,40.88,Looking For Org,1.60,2.20
2025-02-08,FISSURE Universe 4 SEA CQ,73949,3,154165,Moodeng Warriors,young blood,Gyrocopter|Elder Titan|Timbersaw|Tiny|Shadow Shaman,Morphling|Clockwerk|Bounty Hunter|Beastmaster|Sniper,Moodeng Warriors,32.04,Moodeng Warriors,1.35,2.95
2025-02-10,FISSURE Universe 4 SA CQ,74136,1,154466,Looking For Org,TeamCompromiso,Earth Spirit|Bristleback|Gyrocopter|Dawnbreaker|Muerta,Beastmaster|Lycan|Zeus|Ember Spirit|Bounty Hunter,TeamCompromiso,33.70,Looking For Org,1.23,3.70
2025-02-10,FISSURE Universe 4 SEA CQ,74034,1,154347,BOOM Esports,Execration,Magnus|Spirit Breaker|Phoenix|Sand King|Naga Siren,Pangolier|Riki|Puck|Terrorblade|Warlock,BOOM Esports,31.84,BOOM Esports,1.50,2.40
2025-02-12,PGL Wallachia S4 EEU CQ,74228,2,154785,Natus Vincere,L1ga Team,Gyrocopter|Muerta|Ember Spirit|Timbersaw|Warlock,Dawnbreaker|Tiny|Clockwerk|Razor|Elder Titan,Natus Vincere,39.79,Natus Vincere,1.62,2.15
2025-02-13,PGL Wallachia S4 WEU CQ,74288,1,154806,Team Secret,Gaimin Gladiators,Nyx Assassin|Elder Titan|Tiny|Meepo|Beastmaster,Leshrac|Lycan|Templar Assassin|Clockwerk|Zeus,Team Secret,-30.22,Gaimin Gladiators,2.90,1.35
2025-02-14,PGL Wallachia S4 EEU CQ,74403,3,155096,NAVI Junior,Natus Vincere,Timbersaw|Clockwerk|Lifestealer|Beastmaster|Pugna,Dragon Knight|Batrider|Medusa|Bounty Hunter|Dawnbreaker,Natus Vincere,-30.05,Natus Vincere,2.00,1.72
2025-02-16,FISSURE Universe 4 CN CQ,74503,3,155287,Team Tidebound,Titan,Chen|Dragon Knight|Lion|Magnus|Lycan,Tiny|Silencer|Puck|Underlord|Bloodseeker,Team Tidebound,49.75,Team Tidebound,1.25,3.50
2025-02-17,DreamLeague S25,74448,2,155448,Shopify Rebellion,Tundra Esports,Morphling|Elder Titan|Bloodseeker|Abaddon|Ember Spirit,Medusa|Phoenix|Lycan|Tiny|Riki,Tundra Esports,-35.88,Tundra Esports,3.80,1.22
2025-02-17,DreamLeague S25,74452,1,155166,PARIVISION,Gaimin Gladiators,Chen|Bristleback|Riki|Lycan|Tiny,Beastmaster|Sniper|Nyx Assassin|Slark|Warlock,PARIVISION,32.56,PARIVISION,1.62,2.15
2025-02-17,DreamLeague S25,74454,1,155164,Yakutou Brothers,Team Liquid,Terrorblade|Lich|Riki|Dragon Knight|Puck,Dark Seer|Nyx Assassin|Jakiro|Bristleback|Earthshaker,Team Liquid,-31.21,Team Liquid,2.70,1.40
2025-02-17,EPL World Series: Southeast Asia Season 3,74540,2,155392,Ivory,Groomify,Storm Spirit|Sand King|Riki|Lich|Bristleback,Mars|Shadow Demon|Phoenix|Pangolier|Terrorblade,Ivory,31.70,Ivory,1.35,2.90
2025-02-18,DreamLeague S25,74472,2,155572,Team Spirit,Gaimin Gladiators,Sand King|Gyrocopter|Monkey King|Warlock|Bounty Hunter,Puck|Pangolier|Marci|Batrider|Io,Team Spirit,32.02,Team Spirit,1.42,2.70
2025-02-18,DreamLeague S25,74469,1,155145,Chimera Esports,Gaimin Gladiators,Phoenix|Clockwerk|Dragon Knight|Lina|Terrorblade,Huskar|Beastmaster|Dark Seer|Muerta|Ogre Magi,Gaimin Gladiators,-30.67,Gaimin Gladiators,2.80,1.38
2025-02-19,DreamLeague S25,74480,2,155675,Gaimin Gladiators,AVULUS,Bristleback|Queen of Pain|Dawnbreaker|Warlock|Muerta,Windranger|Beastmaster|Jakiro|Lifestealer|Tiny,Gaimin Gladiators,32.70,Gaimin Gladiators,1.35,2.90
2025-02-27,CCT Series 7,74939,1,156411,4Pirates,Zero Tenacity,Crystal Maiden|Bristleback|Tusk|Sniper|Phantom Assassin,Morphling|Rubick|Clockwerk|Primal Beast|Ember Spirit,4Pirates,-32.74,Zero Tenacity,2.20,1.58
2025-02-28,CCT Series 7,74977,2,156504,One Move,Apple City Gang,Warlock|Clinkz|Dark Seer|Slardar|Riki,Clockwerk|Leshrac|Night Stalker|Elder Titan|Tiny,Apple City Gang,64.55,One Move,1.56,2.27
2025-03-06,CCT Series 7,75169,3,156951,Apple City Gang,1win Team,Bane|Invoker|Night Stalker|Terrorblade|Jakiro,Tiny|Disruptor|Leshrac|Naga Siren|Bristleback,Apple City Gang,-53.12,1win Team,2.58,1.47
2025-03-10,PGL Wallachia Season 3,75308,1,157172,Gaimin Gladiators,AVULUS,Terrorblade|Abaddon|Keeper of the Light|Ember Spirit|Jakiro,Dawnbreaker|Slardar|Ursa|Batrider|Silencer,Gaimin Gladiators,34.43,Gaimin Gladiators,1.32,3.10
2025-03-14,PGL Wallachia Season 3,75455,3,157574,Team Spirit,Gaimin Gladiators,Phantom Assassin|Muerta|Sand King|Huskar|Warlock,Ember Spirit|Terrorblade|Earthshaker|Tidehunter|Jakiro,Team Spirit,34.41,Team Spirit,1.40,2.70
2025-03-20,EPL World AM S15,75557,1,158064,White Dragons,Estar backs,Leshrac|Tusk|Tiny|Muerta|Terrorblade,Phoenix|Timbersaw|Spirit Breaker|Dark Seer|Abaddon,Estar backs,-41.55,Estar backs,2.19,1.63
2025-03-23,EPL World AM S15,75790,1,158388,TeamCompromiso,Estar backs,Slark|Disruptor|Windranger|Dark Seer|Beastmaster,Sven|Earthshaker|Jakiro|Faceless Void|Tidehunter,Estar backs,-30.35,Estar backs,2.06,1.71
2025-04-01,DreamLeague S26 EEU CQ,76340,2,159420,L1ga Team,Natus Vincere,Pangolier|Windranger|Ringmaster|Enigma|Templar Assassin,Shadow Demon|Terrorblade|Ogre Magi|Puck|Sand King,Natus Vincere,-36.85,Natus Vincere,2.35,1.52
2025-04-01,DreamLeague S26 EEU CQ,76310,1,159374,1win Team,Aim Possible,Queen of Pain|Ringmaster|Sand King|Gyrocopter|Tinker,Ember Spirit|Jakiro|Shadow Demon|Terrorblade|Beastmaster,1win Team,33.77,1win Team,1.13,5.00
2025-04-01,DreamLeague S26 SEA CQ,76156,2,159338,Ivory,Trailer PB,Puck|Morphling|Tusk|Bristleback|Ancient Apparition,Terrorblade|Earthshaker|Tinker|Primal Beast|Shadow Shaman,Ivory,-36.87,Trailer PB,2.23,1.61
2025-04-02,Fonbet Media Eleague Season 2,76429,3,159595,TEAM Cake,TEAM RodjER,Dark Seer|Spirit Breaker|Nature's Prophet|Warlock|Lifestealer,Ember Spirit|Anti-Mage|Weaver|Jakiro|Dawnbreaker,TEAM Cake,-35.26,TEAM RodjER,2.25,1.60
2025-04-02,DreamLeague S26 SEA CQ,76368,2,159546,The MongolZ,BOOM Esports,Templar Assassin|Earthshaker|Beastmaster|Tusk|Warlock,Chen|Tiny|Dark Seer|Puck|Phantom Assassin,BOOM Esports,-58.31,BOOM Esports,3.50,1.25
2025-04-03,DreamLeague S26 NA CQ,76494,4,159766,Shopify Rebellion,Wildcard,Ringmaster|Gyrocopter|Tidehunter|Ancient Apparition|Tiny,Keeper of the Light|Jakiro|Sand King|Terrorblade|Beastmaster,Wildcard,34.25,Shopify Rebellion,1.30,3.20
2025-04-03,DreamLeague S26 SA CQ,76480,1,159717,Heroic,TeamCompromiso,Bristleback|Ursa|Crystal Maiden|Hoodwink|Timbersaw,Dark Seer|Warlock|Terrorblade|Clockwerk|Kunkka,Heroic,34.47,Heroic,1.31,3.32
2025-04-08,ESL One Raleigh 2025,76517,2,160219,Heroic,Team Tidebound,Ancient Apparition|Ursa|Magnus|Beastmaster|Tiny,Jakiro|Gyrocopter|Medusa|Pangolier|Keeper of the Light,Heroic,-33.26,Team Tidebound,2.70,1.43
2025-04-09,CCT Series 8,76772,3,160413,Natus Vincere,RABOTYAGI,Warlock|Sand King|Phantom Lancer|Dragon Knight|Magnus,Silencer|Storm Spirit|Batrider|Slardar|Terrorblade,Natus Vincere,40.47,Natus Vincere,1.38,2.80
2025-04-09,CCT Series 8,76759,2,160369,Apple City Gang,One Move,Lycan|Bounty Hunter|Puck|Medusa|Ringmaster,Elder Titan|Faceless Void|Monkey King|Ancient Apparition|Mars,Apple City Gang,32.72,Apple City Gang,1.59,2.22
2025-04-10,FISSURE Special,76690,3,160500,L1ga Team,Virtus.pro,Windranger|Elder Titan|Tiny|Gyrocopter|Beastmaster,Dark Seer|Doom|Crystal Maiden|Dragon Knight|Muerta,L1ga Team,-73.52,Virtus.pro,1.98,1.78
2025-04-12,ESL One Raleigh 2025,76833,3,160717,Tundra Esports,Team Spirit,Tinker|Windranger|Gyrocopter|Beastmaster|Bristleback,Bounty Hunter|Slardar|Storm Spirit|Jakiro|Medusa,Team Spirit,-30.70,Team Spirit,2.24,1.65
2025-04-13,ESL One Raleigh 2025,76916,3,160787,Team Spirit,PARIVISION,Grimstroke|Tinker|Leshrac|Tiny|Sand King,Medusa|Slark|Monkey King|Techies|Beastmaster,Team Spirit,38.28,Team Spirit,1.68,2.11
2025-04-20,EPL World AM S16,77117,2,161336,Lava Esports,Zetta Games,Kunkka|Muerta|Brewmaster|Phantom Assassin|Clinkz,Warlock|Terrorblade|Beastmaster|Dawnbreaker|Tusk,Zetta Games,42.66,Lava Esports,1.70,1.99
2025-04-20,PGL Wallachia Season 4,77111,2,161294,Team Spirit,Team Tidebound,Bane|Tiny|Centaur Warrunner|Jakiro|Ember Spirit,Windranger|Storm Spirit|Beastmaster|Keeper of the Light|Sand King,Team Spirit,43.22,Team Spirit,1.45,2.63
2025-04-22,PGL Wallachia Season 4,77180,2,161493,Aurora,BetBoom Team,Ringmaster|Jakiro|Storm Spirit|Medusa|Terrorblade,Anti-Mage|Warlock|Phantom Assassin|Bristleback|Shadow Demon,Aurora,-49.11,BetBoom Team,2.34,1.61
2025-04-26,PGL Wallachia Season 4,77329,1,161811,Team Liquid,PARIVISION,Tinker|Muerta|Templar Assassin|Storm Spirit|Beastmaster,Ancient Apparition|Slark|Enigma|Kunkka|Sand King,PARIVISION,-31.63,PARIVISION,2.20,1.63
2025-04-27,EPL World AM S16,77365,2,161957,Team Den,Zetta Games,Snapfire|Elder Titan|Sand King|Morphling|Sniper,Nature's Prophet|Tusk|Terrorblade|Enigma|Earthshaker,Team Den,34.25,Team Den,1.33,2.95
2025-04-29,European Pro League Season 26,77451,1,162112,One Move,Passion UA,Elder Titan|Sand King|Tiny|Ancient Apparition|Dragon Knight,Crystal Maiden|Medusa|Bounty Hunter|Doom|Storm Spirit,Passion UA,-34.70,Passion UA,2.57,1.47
2025-04-30,European Pro League Season 26,77468,2,162242,Lynx,One Move,Bristleback|Terrorblade|Beastmaster|Tidehunter|Warlock,Dark Seer|Tusk|Jakiro|Leshrac|Gyrocopter,One Move,-44.69,One Move,2.62,1.45
2025-05-01,ACL X ESL Challenger China,77522,1,162298,Team Tidebound,Fate's Edge,Jakiro|Gyrocopter|Pangolier|Riki|Enigma,Morphling|Tiny|Beastmaster|Dark Seer|Chen,Team Tidebound,32.40,Team Tidebound,1.30,3.32
2025-05-04,Lunar Snake Trophy,77625,1,162575,Trailer Park Boys,Execration,Bane|Terrorblade|Templar Assassin|Monkey King|Muerta,Dark Seer|Keeper of the Light|Storm Spirit|Silencer|Gyrocopter,Execration,-59.55,Execration,3.05,1.33
2025-05-07,EPL World Series: Southeast Asia S5,77716,1,162797,Execration,Team Essence,Shadow Demon|Elder Titan|Sand King|Gyrocopter|Slardar,Jakiro|Beastmaster|Lifestealer|Brewmaster|Windranger,Execration,53.06,Execration,1.45,2.63
2025-05-09,EPL World Series: Southeast Asia S5,77729,3,162991,Ivory,Tech Free Gaming,Puck|Sven|Tinker|Tusk|Brewmaster,Sand King|Gyrocopter|Crystal Maiden|Dark Seer|Bounty Hunter,Tech Free Gaming,-33.66,Tech Free Gaming,2.18,1.64
2025-05-13,FISSURE: Universe 5 Play-In,77922,2,163398,Runa Team,MOUZ,Ember Spirit|Windranger|Templar Assassin|Kunkka|Ringmaster,Terrorblade|Brewmaster|Pangolier|Batrider|Shadow Shaman,Runa Team,-38.68,MOUZ,2.30,1.58
2025-05-14,European Pro League Season 26,77979,2,163494,Hydra,Passion UA,Underlord|Windranger|Ursa|Kunkka|Ancient Apparition,Warlock|Slark|Doom|Tiny|Dark Seer,Hydra,34.02,Hydra,1.70,1.99
2025-05-15,FISSURE: Universe 5 Play-In,78056,3,163630,OG,Runa Team,Tiny|Jakiro|Puck|Wraith King|Windranger,Ember Spirit|Ancient Apparition|Ursa|Beastmaster|Batrider,OG,33.18,OG,1.47,2.50
2025-05-16,Asian Champions League 2025,77838,2,163705,Yakutou Brothers,Team Tidebound,Dark Seer|Nyx Assassin|Dragon Knight|Jakiro|Templar Assassin,Gyrocopter|Disruptor|Sand King|Ember Spirit|Windranger,Team Tidebound,-32.83,Team Tidebound,3.24,1.32
2025-05-19,DreamLeague S26,78085,1,163640,BOOM Esports,Aurora,Medusa|Gyrocopter|Elder Titan|Mirana|Kunkka,Storm Spirit|Doom|Clockwerk|Bane|Dark Seer,Aurora,-36.40,Aurora,2.77,1.40
2025-05-20,DreamLeague S26,78105,2,164219,Yakutou Brothers,PARIVISION,Elder Titan|Tiny|Medusa|Invoker|Morphling,Tinker|Pangolier|Terrorblade|Dark Seer|Shadow Shaman,PARIVISION,-38.29,PARIVISION,3.30,1.34
2025-05-20,DreamLeague S26,78096,2,164200,Nigma Galaxy,Aurora,Doom|Elder Titan|Windranger|Morphling|Leshrac,Centaur Warrunner|Bane|Shadow Shaman|Storm Spirit|Medusa,Nigma Galaxy,-36.53,Aurora,2.64,1.49
2025-05-21,DreamLeague S26,78120,2,164328,PARIVISION,AVULUS,Tinker|Phantom Assassin|Warlock|Magnus|Bristleback,Ringmaster|Tiny|Enigma|Viper|Terrorblade,PARIVISION,35.59,PARIVISION,1.26,3.91
2025-05-22,DreamLeague S26,78405,1,164425,Gaimin Gladiators,Team Falcons,Beastmaster|Razor|Bristleback|Jakiro|Ringmaster,Gyrocopter|Pangolier|Viper|Abaddon|Shadow Shaman,Team Falcons,-32.70,Team Falcons,1.95,1.80
2025-05-25,DreamLeague S26,78418,2,164684,PARIVISION,Yakutou Brothers,Shadow Shaman|Earthshaker|Centaur Warrunner|Oracle|Ursa,Magnus|Storm Spirit|Luna|Enchantress|Dark Seer,PARIVISION,34.47,PARIVISION,1.35,3.22
2025-05-28,DreamLeague S26,78432,2,164978,Nigma Galaxy,PARIVISION,Slark|Dawnbreaker|Ember Spirit|Elder Titan|Morphling,Techies|Naga Siren|Kunkka|Doom|Shadow Fiend,PARIVISION,-52.23,PARIVISION,3.76,1.27
2025-05-28,DreamLeague S26,78431,2,164968,Gaimin Gladiators,Team Liquid,Storm Spirit|Clinkz|Oracle|Kunkka|Keeper of the Light,Beastmaster|Void Spirit|Bane|Gyrocopter|Tusk,Gaimin Gladiators,36.44,Gaimin Gladiators,1.83,1.98
2025-05-29,DreamLeague S26,78435,2,165062,Aurora,Nigma Galaxy,Oracle|Tiny|Dark Willow|Enigma|Medusa,Batrider|Bloodseeker|Leshrac|Silencer|Beastmaster,Aurora,41.02,Aurora,1.40,2.70
2025-06-05,BetBoom Streamers Battle 10,79491,2,166518,Travoman Team,VooDooSh Team,Winter Wyvern|Lion|Ember Spirit|Brewmaster|Muerta,Pangolier|Terrorblade|Techies|Tiny|Lich,VooDooSh Team,39.54,Travoman Team,1.26,3.54
2025-06-05,Esports World Cup 2025: WEU CQ,79451,1,166491,NAVI Junior,1win Team,Pugna|Shadow Shaman|Sven|Underlord|Death Prophet,Chen|Tiny|Beastmaster|Chaos Knight|Kunkka,NAVI Junior,32.49,NAVI Junior,1.71,2.06
2025-06-05,Road To The International 2025 - EEU CQ,79450,1,166466,Cyber Goose,Kalmychata,Dragon Knight|Bristleback|Windranger|Medusa|Ancient Apparition,Shadow Shaman|Timbersaw|Sven|Chaos Knight|Slardar,Cyber Goose,32.28,Cyber Goose,1.49,2.47
2025-06-06,Road To The International 2025 - SA CQ,79536,2,166644,ALLSTARS,Sustancia X,Storm Spirit|Terrorblade|Phoenix|Naga Siren|Shadow Shaman,Nature's Prophet|Jakiro|Brewmaster|Templar Assassin|Batrider,ALLSTARS,50.18,ALLSTARS,1.69,2.08
2025-06-09,CCT Season 2,79655,3,166987,Aim Possible,Nemiga Gaming,Invoker|Abaddon|Batrider|Bristleback|Tusk,Windranger|Terrorblade|Pangolier|Undying|Storm Spirit,Nemiga Gaming,-35.85,Nemiga Gaming,2.59,1.46
2025-06-10,Road To The International 2025 - CN CQ,79702,2,167064,Tearlaments,Yakutou Brothers,Void Spirit|Phoenix|Templar Assassin|Brewmaster|Rubick,Naga Siren|Lifestealer|Death Prophet|Dark Willow|Storm Spirit,Yakutou Brothers,-49.83,Yakutou Brothers,3.06,1.35
2025-06-11,Road To The International 2025 - NA CQ,79778,1,167214,Shopify Rebellion,Wildcard,Axe|Rubick|Muerta|Undying|Ember Spirit,Tusk|Pangolier|Dark Seer|Naga Siren|Lina,Wildcard,31.07,Shopify Rebellion,1.16,4.77
2025-06-11,Esports World Cup 2025: SA CQ,79773,1,167209,Team Den,Estar backs,Chaos Knight|Sven|Pangolier|Naga Siren|Dark Seer,Batrider|Storm Spirit|Brewmaster|Tusk|Gyrocopter,Estar backs,33.09,Team Den,1.65,2.16
2025-06-12,Esports World Cup 2025: SA CQ,79857,1,167377,Estar backs,Team Sin Compromiso,Templar Assassin|Tidehunter|Tusk|Shadow Shaman|Mars,Tiny|Dark Seer|Naga Siren|Medusa|Sand King,Team Sin Compromiso,-45.92,Team Sin Compromiso,2.41,1.53
2025-06-12,Road To The International 2025 - NA CQ,79855,1,167368,Wildcard,Shopify Rebellion,Chen|Bane|Undying|Puck|Ursa,Shadow Shaman|Dark Seer|Ogre Magi|Kunkka|Gyrocopter,Wildcard,-35.56,Shopify Rebellion,3.20,1.30
2025-06-12,Road To The International 2025 - NA CQ,79855,3,167380,Wildcard,Shopify Rebellion,Troll Warlord|Bane|Beastmaster|Tiny|Undying,Dark Seer|Nature's Prophet|Ursa|Kunkka|Riki,Wildcard,-33.19,Shopify Rebellion,2.64,1.45
2025-06-12,Esports World Cup 2025: SA CQ,79818,3,167287,Veritas Friends,OG.LATAM,Templar Assassin|Pugna|Kunkka|Tusk|Dawnbreaker,Ringmaster|Dark Seer|Dark Willow|Ember Spirit|Medusa,OG.LATAM,-31.24,OG.LATAM,2.80,1.38
2025-06-13,Road To The International 2025 - SEA CQ,79801,3,167455,Castawake,Execration,Ember Spirit|Elder Titan|Pangolier|Rubick|Morphling,Shadow Shaman|Axe|Tiny|Naga Siren|Muerta,Execration,-54.74,Execration,2.29,1.58
2025-06-13,Esports World Cup 2025: SA CQ,79860,2,167404,Veritas Friends,Team Sin Compromiso,Monkey King|Shadow Shaman|Ursa|Disruptor|Brewmaster,Naga Siren|Luna|Sand King|Tiny|Dark Seer,Team Sin Compromiso,-38.28,Team Sin Compromiso,2.58,1.46
2025-06-13,Esports World Cup 2025: SA CQ,79846,1,167376,Heroic,OG.LATAM,Phoenix|Dark Willow|Axe|Ember Spirit|Sven,Terrorblade|Tusk|Oracle|Pangolier|Dark Seer,Heroic,43.62,Heroic,1.50,2.40
2025-06-14,Immortal Cup S1(不朽杯S1),79882,1,167548,南天门,高祖望龙,Elder Titan|Medusa|Death Prophet|Earthshaker|Pangolier,Tiny|Dark Seer|Sven|Queen of Pain|Warlock,高祖望龙,-38.79,高祖望龙,2.40,1.50
2025-06-16,CCT Season 2,79973,3,167746,TEAM NEXT LEVEL,Quantum,Shadow Fiend|Templar Assassin|Hoodwink|Kunkka|Tusk,Storm Spirit|Jakiro|Naga Siren|Bristleback|Drow Ranger,Quantum,-30.29,Quantum,2.16,1.65
2025-06-21,PGL Wallachia Season 5,80133,3,168180,Aurora,OG,Ember Spirit|Riki|Dark Seer|Batrider|Omniknight,Abaddon|Keeper of the Light|Storm Spirit|Jakiro|Troll Warlord,Aurora,30.93,Aurora,1.26,3.40
2025-06-21,PGL Wallachia Season 5,80130,2,168164,All Gamers Global,Virtus.pro,Centaur Warrunner|Clinkz|Undying|Rubick|Shadow Fiend,Warlock|Shadow Shaman|Beastmaster|Storm Spirit|Abaddon,All Gamers Global,32.58,All Gamers Global,1.48,2.50
2025-06-22,PGL Wallachia Season 5,80198,1,168209,Team Spirit,Edge,Naga Siren|Shadow Fiend|Bane|Ember Spirit|Magnus,Elder Titan|Morphling|Tiny|Shadow Shaman|Pangolier,Team Spirit,30.44,Team Spirit,1.13,5.00
2025-06-24,European Pro League 27,80265,1,168456,4Pirates,Lynx,Shadow Shaman|Queen of Pain|Timbersaw|Nature's Prophet|Axe,Tidehunter|Shadow Fiend|Dark Willow|Kunkka|Naga Siren,4Pirates,38.24,4Pirates,1.50,2.40
2025-06-25,European Pro League 27,80342,2,168587,Zero Tenacity,Level Up,Queen of Pain|Lina|Naga Siren|Bristleback|Dark Willow,Brewmaster|Ringmaster|Tiny|Terrorblade|Mirana,Level Up,55.27,Zero Tenacity,1.48,2.50
2025-06-26,PGL Wallachia Season 5,80352,3,168661,Gaimin Gladiators,Tundra Esports,Marci|Gyrocopter|Omniknight|Shadow Fiend|Jakiro,Enchantress|Tusk|Templar Assassin|Abaddon|Beastmaster,Gaimin Gladiators,30.11,Gaimin Gladiators,1.65,2.10
2025-06-28,PGL Wallachia Season 5,80427,1,168786,BetBoom Team,Natus Vincere,Muerta|Queen of Pain|Kunkka|Lifestealer|Naga Siren,Dawnbreaker|Tiny|Terrorblade|Dark Willow|Shadow Demon,BetBoom Team,33.62,BetBoom Team,1.60,2.25
2025-07-01,FISSURE Universe 5,80479,2,169136,PARIVISION,Shopify Rebellion,Ember Spirit|Marci|Chen|Templar Assassin|Dark Seer,Axe|Leshrac|Bane|Shadow Fiend|Lifestealer,PARIVISION,35.43,PARIVISION,1.20,4.23
2025-07-01,FISSURE Universe 5,80483,1,168901,Heroic,AVULUS,Kunkka|Phoenix|Weaver|Dark Willow|Doom,Warlock|Tusk|Queen of Pain|Ursa|Dark Seer,Heroic,35.34,Heroic,1.42,2.70
2025-07-02,European Pro League 27,80594,2,169239,Aim Possible,Zero Tenacity,Shadow Demon|Shadow Shaman|Templar Assassin|Void Spirit|Axe,Pudge|Puck|Death Prophet|Meepo|Jakiro,Zero Tenacity,-33.17,Zero Tenacity,3.03,1.33
2025-07-03,European Pro League 27,80621,1,169290,4Pirates,Zero Tenacity,Shadow Shaman|Earthshaker|Nature's Prophet|Timbersaw|Void Spirit,Tiny|Puck|Morphling|Chen|Axe,4Pirates,37.55,4Pirates,1.65,2.16
2025-07-04,European Pro League 27,80661,2,169450,Zero Tenacity,Runa Team,Dragon Knight|Puck|Nature's Prophet|Beastmaster|Bane,Earthshaker|Shadow Shaman|Riki|Templar Assassin|Chen,Runa Team,-50.05,Runa Team,2.56,1.45
2025-07-04,CCT S2 Series 2,80648,2,169439,1win Team,eSpoiled,Dark Willow|Naga Siren|Dawnbreaker|Terrorblade|Windranger,Bane|Enchantress|Brewmaster|Nature's Prophet|Monkey King,1win Team,49.22,1win Team,1.26,3.40
2025-07-04,European Pro League 27,80660,2,169413,Kalmychata,Level Up,Tusk|Templar Assassin|Ringmaster|Dark Seer|Lifestealer,Naga Siren|Ursa|Centaur Warrunner|Queen of Pain|Marci,Kalmychata,-30.37,Level Up,2.36,1.55
2025-07-04,European Pro League 27,80660,3,169424,Kalmychata,Level Up,Storm Spirit|Shadow Shaman|Batrider|Pangolier|Morphling,Queen of Pain|Terrorblade|Centaur Warrunner|Leshrac|Mirana,Kalmychata,-35.29,Level Up,2.00,1.72
2025-07-05,CCT S2 Series 2,80711,3,169522,OG,Yellow Submarine,Medusa|Death Prophet|Pugna|Tiny|Doom,Tusk|Ringmaster|Lina|Brewmaster|Puck,OG,37.56,OG,1.72,2.00
2025-07-05,CCT S2 Series 2,80714,1,169507,Wildcard,eSpoiled,Brewmaster|Terrorblade|Dark Willow|Jakiro|Ember Spirit,Bane|Marci|Dawnbreaker|Templar Assassin|Puck,Wildcard,32.40,Wildcard,1.38,2.80
2025-07-05,CCT S2 Series 2,80712,1,169488,Passion UA,Zero Tenacity,Templar Assassin|Dawnbreaker|Ogre Magi|Shadow Shaman|Brewmaster,Naga Siren|Death Prophet|Dark Willow|Ember Spirit|Gyrocopter,Zero Tenacity,-43.51,Zero Tenacity,2.60,1.45
2025-07-10,Esports World Cup 2025,80680,2,169923,Team Spirit,Natus Vincere,Monkey King|Windranger|Brewmaster|Dark Willow|Silencer,Huskar|Pangolier|Rubick|Templar Assassin|Dazzle,Team Spirit,43.97,Team Spirit,1.35,3.04
2025-07-12,Esports World Cup 2025,80955,1,170064,Team Yandex,Shopify Rebellion,Nature's Prophet|Monkey King|Marci|Tidehunter|Doom,Beastmaster|Chen|Terrorblade|Chaos Knight|Puck,Team Yandex,48.72,Team Yandex,1.78,1.92
2025-07-20,EPL World Series: Southeast Asia S7,81236,1,170779,Ivory,InterActive Philippines,Monkey King|Dark Seer|Warlock|Batrider|Phantom Lancer,Dazzle|Terrorblade|Tusk|Leshrac|Undying,Ivory,34.38,Ivory,1.15,4.80
2025-07-21,European Pro League 28,81259,3,170887,Nemiga Gaming,Yellow Submarine,Terrorblade|Ogre Magi|Windranger|Storm Spirit|Naga Siren,Silencer|Leshrac|Axe|Phantom Lancer|Shadow Shaman,Nemiga Gaming,-47.61,Yellow Submarine,2.23,1.61
2025-07-23,FISSURE Universe: Episode 6 Play-In,81314,2,171153,AVULUS,Wildcard,Pugna|Shadow Shaman|Bristleback|Lycan|Ember Spirit,Bane|Puck|Dawnbreaker|Abaddon|Tusk,Wildcard,38.11,AVULUS,1.75,1.95
2025-07-24,EPL World Series: Southeast Asia S7,81396,2,171201,InterActive Philippines,Kopite,Dark Seer|Nature's Prophet|Naga Siren|Storm Spirit|Spirit Breaker,Oracle|Sven|Shadow Fiend|Marci|Tidehunter,Kopite,-43.27,Kopite,2.89,1.38
2025-07-25,EPL World Series: Southeast Asia S7,81439,1,171346,Carstensz Esports,Kopite,Void Spirit|Pangolier|Batrider|Huskar|Tusk,Undying|Bloodseeker|Shadow Shaman|Oracle|Storm Spirit,Kopite,-31.29,Kopite,2.14,1.66
2025-07-26,European Pro League 28,81517,1,171491,Runa Team,Kalmychata,Mars|Timbersaw|Slark|Dark Willow|Queen of Pain,Ember Spirit|Bristleback|Tusk|Doom|Batrider,Runa Team,35.65,Runa Team,1.59,2.24
2025-07-26,European Pro League 28,81517,2,171506,Runa Team,Kalmychata,Puck|Pugna|Disruptor|Phantom Lancer|Axe,Void Spirit|Terrorblade|Ringmaster|Bane|Mars,Kalmychata,37.35,Runa Team,1.51,2.38
2025-07-27,FISSURE Universe: Episode 6 Play-In,81587,2,171598,AVULUS,1win Team,Puck|Chen|Beastmaster|Marci|Ursa,Naga Siren|Lion|Timbersaw|Medusa|Kunkka,AVULUS,-34.89,1win Team,1.98,1.77
2025-07-27,European Pro League 28,81563,2,171570,Kalmychata,Zero Tenacity,Pudge|Tiny|Lina|Leshrac|Centaur Warrunner,Invoker|Undying|Lifestealer|Tusk|Dazzle,Zero Tenacity,-47.42,Zero Tenacity,2.01,1.74
2025-07-29,Clavision Masters 2025: Snow-Ruyi,81467,1,171293,Team Tidebound,Team Yandex,Disruptor|Phoenix|Primal Beast|Marci|Tinker,Naga Siren|Dark Willow|Nature's Prophet|Mars|Monkey King,Team Tidebound,36.59,Team Tidebound,1.52,2.35
2025-07-29,Clavision Masters 2025: Snow-Ruyi,81465,2,171792,Yakutou Brothers,Gaimin Gladiators,Brewmaster|Lion|Undying|Leshrac|Templar Assassin,Chen|Shadow Shaman|Morphling|Dawnbreaker|Monkey King,Gaimin Gladiators,-47.29,Gaimin Gladiators,2.88,1.38
2025-07-30,European Pro League 28,81725,2,171999,Yellow Submarine,TEAM NEXT LEVEL,Warlock|Lifestealer|Beastmaster|Leshrac|Tusk,Pangolier|Storm Spirit|Nature's Prophet|Dark Willow|Chen,Yellow Submarine,-66.06,TEAM NEXT LEVEL,1.92,1.78
2025-07-30,Clavision Masters 2025: Snow-Ruyi,81476,2,171972,Nigma Galaxy,Tundra Esports,Beastmaster|Marci|Puck|Tusk|Morphling,Bane|Rubick|Lycan|Troll Warlord|Earthshaker,Nigma Galaxy,-46.74,Tundra Esports,2.39,1.53
2025-08-01,CCT Season 2 Series 3,81804,5,172249,Passion UA,1win Team,Undying|Storm Spirit|Dark Willow|Templar Assassin|Timbersaw,Abaddon|Queen of Pain|Lion|Medusa|Chen,1win Team,-33.05,1win Team,2.38,1.51
2025-08-02,Clavision Masters 2025: Snow-Ruyi,81881,1,172320,Xtreme Gaming,BetBoom Team,Terrorblade|Elder Titan|Puck|Lion|Beastmaster,Silencer|Nature's Prophet|Muerta|Omniknight|Void Spirit,BetBoom Team,-32.07,BetBoom Team,2.05,1.71
2025-08-06,CIS Battle 2,82014,2,172737,Yellow Submarine,Kalmychata,Medusa|Silencer|Storm Spirit|Abaddon|Dark Willow,Tusk|Batrider|Death Prophet|Dawnbreaker|Sven,Kalmychata,31.12,Yellow Submarine,1.35,3.00
2025-08-06,EPL World Series: Southeast Asia S7,82017,2,172689,Ivory,Kopite,Dark Seer|Enchantress|Pangolier|Dark Willow|Kunkka,Templar Assassin|Undying|Leshrac|Earthshaker|Beastmaster,Kopite,44.60,Ivory,1.49,2.50
2025-08-09,European Pro League 29,82170,3,173059,TEAM NEXT LEVEL,Zero Tenacity,Pangolier|Terrorblade|Dawnbreaker|Tusk|Chen,Warlock|Invoker|Dragon Knight|Beastmaster|Pudge,Zero Tenacity,48.13,TEAM NEXT LEVEL,1.52,2.37
2025-08-10,European Pro League 29,82182,2,173142,Wildcard,Aim Possible,Tusk|Dark Seer|Sven|Chen|Queen of Pain,Nature's Prophet|Lycan|Ringmaster|Troll Warlord|Bane,Aim Possible,79.75,Wildcard,1.40,2.81
2025-08-10,European Pro League 29,82181,1,173130,Level Up,Odium,Batrider|Primal Beast|Brewmaster|Broodmother|Silencer,Storm Spirit|Abaddon|Dark Willow|Naga Siren|Pudge,Level Up,-36.61,Odium,2.15,1.65
2025-08-16,CCT Season 2 Series 4,82356,1,173497,Yellow Submarine,Zero Tenacity,Chen|Axe|Leshrac|Bristleback|Dark Willow,Warlock|Beastmaster|Marci|Dragon Knight|Keeper of the Light,Zero Tenacity,72.83,Yellow Submarine,1.84,1.90
2025-08-20,European Pro League 29,82714,1,174274,TEAM NEXT LEVEL,Passion UA,Dark Willow|Beastmaster|Leshrac|Abaddon|Muerta,Grimstroke|Doom|Tusk|Batrider|Ember Spirit,TEAM NEXT LEVEL,31.16,TEAM NEXT LEVEL,1.77,1.98
2025-08-20,CCT Season 2 Series 4,82658,2,174273,MOUZ,L1ga Team,Pugna|Monkey King|Shadow Demon|Dawnbreaker|Ember Spirit,Tusk|Queen of Pain|Abaddon|Beastmaster|Disruptor,MOUZ,37.47,MOUZ,1.76,2.00
2025-08-27,CIS Battle 2,82963,2,175005,Runa Team,Kalmychata,Underlord|Storm Spirit|Abaddon|Dark Willow|Disruptor,Batrider|Leshrac|Beastmaster|Void Spirit|Silencer,Runa Team,31.02,Runa Team,1.77,1.94
2025-08-27,CIS Battle 2,82962,1,174989,L1ga Team,Runa Team,Earthshaker|Pugna|Medusa|Clockwerk|Leshrac,Luna|Dark Willow|Timbersaw|Mars|Naga Siren,L1ga Team,47.01,L1ga Team,1.58,2.30
2025-08-31,CIS Battle 2,83154,2,175354,Runa Team,4Pirates,Snapfire|Earthshaker|Medusa|Pudge|Disruptor,Tidehunter|Spectre|Void Spirit|Naga Siren|Zeus,4Pirates,36.33,Runa Team,1.51,2.38
2025-09-01,EPL World Series: Southeast Asia S8,82965,1,174946,Veroja,REKONIX,Bristleback|Night Stalker|Bane|Storm Spirit|Weaver,Disruptor|Beastmaster|Meepo|Leshrac|Lion,REKONIX,-31.48,REKONIX,3.36,1.26
2025-09-04,The International 2025,83335,2,175769,Team Falcons,Tundra Esports,Pangolier|Doom|Weaver|Enchantress|Ringmaster,Bloodseeker|Tiny|Pugna|Dark Seer|Beastmaster,Tundra Esports,33.20,Team Falcons,1.56,2.32
2025-09-04,The International 2025,83335,3,175779,Team Falcons,Tundra Esports,Weaver|Enchantress|Hoodwink|Pangolier|Sand King,Snapfire|Ursa|Batrider|Dark Seer|Tusk,Team Falcons,34.58,Team Falcons,1.65,2.16
2025-09-05,The International 2025,83364,1,175816,Nigma Galaxy,Team Liquid,Lycan|Templar Assassin|Puck|Tiny|Keeper of the Light,Enchantress|Shadow Shaman|Marci|Sven|Void Spirit,Nigma Galaxy,-34.92,Team Liquid,2.53,1.47
2025-09-10,EPL World Series: Southeast Asia S8,83558,1,176303,REKONIX,Ivory,Disruptor|Sand King|Mars|Morphling|Batrider,Bristleback|Naga Siren|Puck|Alchemist|Hoodwink,REKONIX,32.99,REKONIX,1.38,2.60
2025-09-15,Americas Convergence Series 2,83725,2,176777,Team Waska,Estar backs,Abaddon|Centaur Warrunner|Phoenix|Earthshaker|Snapfire,Hoodwink|Batrider|Sand King|Axe|Doom,Team Waska,30.58,Team Waska,1.26,3.49
2025-09-15,European Pro League 30,83611,2,176751,L1ga Team,eSpoiled,Chen|Mars|Snapfire|Troll Warlord|Ember Spirit,Tiny|Beastmaster|Storm Spirit|Nature's Prophet|Pugna,L1ga Team,30.93,L1ga Team,1.39,2.78
2025-09-16,European Pro League 30,83733,2,176861,Level Up,Winter Bear,Nature's Prophet|Batrider|Bristleback|Dragon Knight|Disruptor,Lifestealer|Dawnbreaker|Naga Siren|Shadow Fiend|Puck,Winter Bear,35.28,Level Up,1.49,2.45
2025-09-24,FISSURE PLAYGROUND 2: Eastern Europe Closed Qualifier,84417,1,178077,Runa Team,Yellow Submarine,Batrider|Morphling|Keeper of the Light|Warlock|Beastmaster,Marci|Bristleback|Queen of Pain|Shadow Demon|Gyrocopter,Runa Team,-32.21,Yellow Submarine,2.60,1.48
2025-09-24,FISSURE PLAYGROUND 2: Americas Closed Qualifier,84477,1,178086,Sentinel Esports,Estar backs,Queen of Pain|Dark Willow|Troll Warlord|Enchantress|Slardar,Night Stalker|Sand King|Gyrocopter|Tusk|Snapfire,Estar backs,31.47,Sentinel Esports,1.71,2.05
2025-09-24,DreamLeague S27 EEU CQ,84436,1,178089,Runa Team,Nemiga Gaming,Clockwerk|Lifestealer|Earthshaker|Snapfire|Timbersaw,Naga Siren|Invoker|Shadow Demon|Centaur Warrunner|Luna,Runa Team,42.90,Runa Team,1.51,2.46
2025-09-25,BetBoom Streamers Battle 11,84558,3,178345,Cooman Team,Stray Team,Bristleback|Windranger|Naga Siren|Troll Warlord|Pugna,Viper|Oracle|Crystal Maiden|Ursa|Lycan,Stray Team,39.49,Cooman Team,1.60,2.20
2025-09-25,DreamLeague S27 SA CQ,84561,1,178291,OG.LATAM,Peru Rejects,Zeus|Troll Warlord|Lycan|Puck|Bounty Hunter,Queen of Pain|Earthshaker|Broodmother|Clockwerk|Dark Seer,Peru Rejects,-43.82,Peru Rejects,1.97,1.77
2025-09-26,RES Unchained BLAST EU CQ,84584,2,178451,Natus Vincere,Aim Possible,Disruptor|Dazzle|Huskar|Pangolier|Ursa,Bane|Storm Spirit|Snapfire|Slark|Dawnbreaker,Natus Vincere,31.76,Natus Vincere,1.07,7.34
2025-09-27,RES Unchained BLAST SEA CQ,84687,2,178624,Team Nemesis,Team Aureus,Doom|Tiny|Leshrac|Naga Siren|Ursa,Hoodwink|Disruptor|Bristleback|Gyrocopter|Invoker,Team Aureus,-39.30,Team Aureus,2.03,1.73
2025-09-29,FISSURE PLAYGROUND 2: Southeast Asia and China Closed Qualifier,84847,2,179017,Talon Esports,Yakutou Brothers,Chen|Windranger|Earthshaker|Broodmother|Undying,Batrider|Dragon Knight|Disruptor|Lycan|Leshrac,Yakutou Brothers,37.55,Talon Esports,1.62,2.15
2025-09-29,European Pro League 30,84876,1,178977,L1ga Team,Kalmychata,Disruptor|Broodmother|Enchantress|Keeper of the Light|Centaur Warrunner,Puck|Ringmaster|Beastmaster|Dazzle|Dragon Knight,Kalmychata,34.40,L1ga Team,1.72,2.05
2025-10-01,FISSURE PLAYGROUND 2: Americas Closed Qualifier,85055,4,179385,TaiLung Mafia,Perrito Panzon,Lycan|Bristleback|Sniper|Batrider|Jakiro,Troll Warlord|Beastmaster|Snapfire|Ember Spirit|Bane,Perrito Panzon,30.99,TaiLung Mafia,1.70,2.05
2025-10-01,FISSURE PG2 WEU CQ,85022,2,179337,AVULUS,MOUZ,Elder Titan|Disruptor|Slardar|Storm Spirit|Gyrocopter,Mars|Tusk|Troll Warlord|Snapfire|Beastmaster,MOUZ,37.39,AVULUS,1.73,2.03
2025-10-02,PGL Wallachia Season 6: Americas Closed Qualifier,85110,2,179540,TaiLung Mafia,Demonios,Dragon Knight|Enigma|Marci|Pugna|Sven,Disruptor|Storm Spirit|Drow Ranger|Earth Spirit|Dark Seer,TaiLung Mafia,37.27,TaiLung Mafia,1.13,5.53
2025-10-03,CCT S2 Series 5,85148,2,179655,eSpoiled,Yellow Submarine,Storm Spirit|Medusa|Jakiro|Mars|Chen,Hoodwink|Warlock|Centaur Warrunner|Anti-Mage|Faceless Void,Yellow Submarine,-45.21,Yellow Submarine,2.39,1.53
2025-10-03,PGL Wallachia Season 6: Eastern Europe Closed Qualifier,85130,3,179656,Passion UA,Natus Vincere,Pangolier|Lifestealer|Jakiro|Timbersaw|Tiny,Bane|Storm Spirit|Mars|Juggernaut|Silencer,Natus Vincere,-31.78,Natus Vincere,3.40,1.28
2025-10-03,PGL Wallachia Season 6: Western Europe Closed Qualifier,85133,2,179645,AVULUS,Zero Tenacity,Ursa|Snapfire|Dragon Knight|Alchemist|Axe,Terrorblade|Earthshaker|Rubick|Underlord|Chen,Zero Tenacity,34.54,AVULUS,1.37,2.95
2025-10-03,BetBoom Streamers Battle 11,85165,1,179623,Travoman Team,Solo Team,Phantom Lancer|Ogre Magi|Zeus|Death Prophet|Dark Willow,Templar Assassin|Shadow Fiend|Silencer|Clockwerk|Slardar,Travoman Team,38.35,Travoman Team,1.65,2.15
2025-10-04,PGL Wallachia Season 6: Southeast Asia Closed Qualifier,85196,1,179730,Team Aureus,Execration,Terrorblade|Abaddon|Chen|Hoodwink|Pangolier,Jakiro|Bounty Hunter|Storm Spirit|Dragon Knight|Beastmaster,Team Aureus,43.06,Team Aureus,1.75,2.00
2025-10-05,FISSURE Universe: Episode 7,85245,2,179891,Runa Team,Apex Genesis,Earthshaker|Axe|Snapfire|Abaddon|Jakiro,Bristleback|Naga Siren|Medusa|Storm Spirit|Disruptor,Runa Team,32.05,Runa Team,1.50,2.59
2025-10-05,PGL Wallachia Season 6: Southeast Asia Closed Qualifier,85260,3,179870,Team Aureus,Execration,Gyrocopter|Marci|Shadow Demon|Elder Titan|Sand King,Phantom Assassin|Witch Doctor|Ringmaster|Mars|Beastmaster,Execration,37.66,Team Aureus,1.65,2.10
2025-10-11,DreamLeague 27 Division 2 Stage 1,85587,1,180620,Kalmychata,Peru Rejects,Abaddon|Naga Siren|Windranger|Void Spirit|Dawnbreaker,Earthshaker|Snapfire|Gyrocopter|Disruptor|Ember Spirit,Kalmychata,-31.35,Peru Rejects,1.97,1.78
2025-10-12,FISSURE Universe: Episode 7,85628,3,180759,Heroic,MOUZ,Abaddon|Leshrac|Tusk|Ringmaster|Axe,Dawnbreaker|Pudge|Juggernaut|Chen|Gyrocopter,Heroic,-36.58,MOUZ,1.98,1.77
2025-10-12,DreamLeague 27 Division 2 Stage 1,85612,2,180754,OG,Inner Circle,Kez|Snapfire|Chen|Enigma|Storm Spirit,Bounty Hunter|Beastmaster|Centaur Warrunner|Templar Assassin|Jakiro,OG,41.06,OG,1.62,2.15
2025-10-12,FISSURE Universe: Episode 7,85601,2,180733,Team Liquid,MOUZ,Ember Spirit|Void Spirit|Enigma|Ursa|Weaver,Leshrac|Mars|Pudge|Juggernaut|Snapfire,MOUZ,47.02,Team Liquid,1.81,1.93
2025-10-15,BLAST Slam IV,85773,1,181041,Heroic,MOUZ,Mars|Hoodwink|Earthshaker|Chen|Abaddon,Keeper of the Light|Bristleback|Broodmother|Pudge|Leshrac,MOUZ,54.40,Heroic,1.77,1.98
2025-10-16,BLAST Slam IV,85840,1,181215,Aurora,Yakutou Brothers,Chen|Mars|Hoodwink|Slardar|Sven,Leshrac|Anti-Mage|Dark Seer|Alchemist|Snapfire,Aurora,31.28,Aurora,1.82,1.93
2025-10-16,DreamLeague 27 Division 2 Stage 1,85836,1,181212,Team Yandex,Pipsqueak+4,Alchemist|Monkey King|Pangolier|Morphling|Chen,Brewmaster|Dragon Knight|Nature's Prophet|Tusk|Warlock,Team Yandex,54.06,Team Yandex,1.41,2.77
2025-10-17,DreamLeague 27 Division 2 Stage 1,85926,2,181411,eSpoiled,HunterZ,Chen|Queen of Pain|Troll Warlord|Dark Willow|Timbersaw,Brewmaster|Leshrac|Disruptor|Dragon Knight|Tusk,eSpoiled,72.53,eSpoiled,1.57,2.25
2025-10-18,BLAST Slam IV,85962,1,181460,Team Spirit,Heroic,Hoodwink|Nature's Prophet|Sand King|Disruptor|Clinkz,Leshrac|Snapfire|Beastmaster|Naga Siren|Templar Assassin,Team Spirit,41.89,Team Spirit,1.62,2.20
2025-10-24,BLAST Slam V: China Closed Qualifier,86296,3,182285,Boboka fan,Cloud Rising,Batrider|Axe|Shadow Fiend|Leshrac|Troll Warlord,Anti-Mage|Marci|Warlock|Dawnbreaker|Void Spirit,Boboka fan,43.35,Boboka fan,1.65,2.15
2025-10-26,FISSURE PLAYGROUND 2,86385,3,182539,Aurora,Team Yandex,Pugna|Hoodwink|Brewmaster|Pangolier|Gyrocopter,Tusk|Beastmaster|Bristleback|Terrorblade|Jakiro,Team Yandex,32.04,Aurora,1.78,2.00
2025-11-01,Lunar Snake 4,86590,1,183061,Carstensz Esports,The MongolZ,Nature's Prophet|Grimstroke|Bane|Morphling|Mars,Slardar|Terrorblade|Spirit Breaker|Jakiro|Lycan,The MongolZ,-38.70,The MongolZ,2.90,1.32
2025-11-05,DreamLeague Division 2 Season 2,86795,3,183477,Most Wanted,4Pirates,Abaddon|Marci|Pangolier|Bane|Ancient Apparition,Troll Warlord|Axe|Huskar|Skywrath Mage|Oracle,Most Wanted,31.45,Most Wanted,1.56,2.34
2025-11-05,DreamLeague Division 2 Season 2,86792,1,183440,Most Wanted,eSpoiled,Pugna|Axe|Muerta|Kez|Pangolier,Tusk|Troll Warlord|Enchantress|Beastmaster|Slardar,eSpoiled,38.61,Most Wanted,1.81,1.94
2025-11-05,Lunar Snake 4,86756,3,183396,BuyBack Bros,Veroja,Hoodwink|Chen|Axe|Pangolier|Medusa,Gyrocopter|Ember Spirit|Crystal Maiden|Doom|Nyx Assassin,BuyBack Bros,-32.62,Veroja,2.22,1.59
